Time, Aileron Command (norm), Elevator Command (norm), Rudder Command (norm), Flap Command (norm), Left Aileron Position (deg), Right Aileron Position (deg), Elevator Position (deg), Rudder Position (deg), Flap Position (deg), P (deg/s), Q (deg/s), R (deg/s), P dot (deg/s^2), Q dot (deg/s^2), R dot (deg/s^2), q bar (psf), Reynolds Number, V_{Total} (ft/s), V_{Inertial} (ft/s), UBody, VBody, WBody, Aero V_{X Body} (ft/s), Aero V_{Y Body} (ft/s), Aero V_{Z Body} (ft/s), V_{North} (ft/s), V_{East} (ft/s), V_{Down} (ft/s), Altitude ASL (ft), Altitude AGL (ft), Phi (deg), Theta (deg), Psi (deg), Alpha (deg), Beta (deg), Latitude (deg), Longitude (deg), ECEF X (ft), ECEF Y (ft), ECEF Z (ft), EPA (deg), Distance AGL (ft), Terrain Radius (ft), Pitch Trim Sum, Elevator Control, elevator normalization, Roll-Trim-Sum, Left Aileron Control, Right Aileron Control, left aileron normalization, right aileron normalization, Rudder Command Sum, Yaw Damper Rate, Yaw Damper Beta, Yaw Damper Sum, Yaw Damper Final, Rudder Sum, Rudder Control, rudder normalization, Flaps Control, flap normalization, Gear Control, Speedbrake Control, vc-kts, alphadot-deg sec, betadot-deg sec, throttle-cmd-norm
0, 0, 0, 0, 0, 0, 0, 0.573142116, 0, 0, 0.0000000000000000, -0.0000000008259282, 0.0000000000000000, 0.0000000000000000, -0.0000000991114767, 0.0000000000000000, 210.3790994, 16906455.52, 449.744963572, 1591.13527058, 449.6851628008903390, 0.0000000000000000, -7.3339358342045973, 449.6851628008903390, 0.0000000000000000, -7.3339358342045973, 449.7449631192943116, 0.0000000000000000, 0.0000000000000027, 4500.0000003353, 4500.0000003353, 0.0000000000000000, -0.9343458069679131, 0.0000000000000000, -0.93435665404965, 4.6041747518133e-22, 1.0259712327112e-05, 0, 20930150.0000000000000000, 0.0000000000000000, 3.7478731935109089, 3.4817270804311e-05, 4500.0000003353, 20925650, 0.0285806198, 0.0100032169, 0.0285806198, 0, 0, 0, 0, 0, 0, 0, 0, 0, 0, 0, 0, 0, 0, 0, 1, 0, 249.9665851, -7.162468857e-05, 5.52509621e-20, 0.9077515689
0.01666666, 0, 0, 0, 0, 0, 0, 0.573142116, 1.52427299e-16, 0, 0.0000000000001758, 0.0000003037842097, -0.0000000000000867, 0.0000000000140609, 0.0000178801027405, -0.0000000000069478, 210.3791002, 16906455.55, 449.744964374, 1591.13527082, 449.6851634487976526, -0.0000000000112626, -7.3339453235940626, 449.6851634487976526, -0.0000000000112626, -7.3339453235940626, 449.7449639983456677, -0.0000000000028017, -0.0001703915779521, 4500.0000030994, 4500.0000030994, -0.0000000000000000, -0.9343252860422145, 0.0000000000000000, -0.93435786145467, -1.4348164117597e-12, 3.0779137001679e-05, -3.1956997067783e-20, 20930150.0000000782310963, -0.0000000000000117, 11.2436195879653749, 0.00010445181241293, 4500.0000030994, 20925650, 0.0285806198, 0.0100032169, 0.0285806198, 0, 0, 0, 0, 0, 0, 7.60102347e-18, -0, 7.60102347e-18, 7.60102347e-18, 7.60102347e-18, 2.66035821e-18, 7.60102347e-18, 0, 0, 1, 0, 249.9665855, -7.318663961e-05, -1.730294662e-10, 0.9077515689
0.03333332, 0, 0, 0, 0, 0, 0, 0.573142116, -2.451834687e-13, 0, 0.0000000000020649, 0.0000008652446443, -0.0000000000008630, 0.0000000001194472, 0.0000336433905680, -0.0000000000488197, 210.3791007, 16906455.57, 449.744964975, 1591.13527102, 449.6851638919079619, -0.0000000000454332, -7.3339549859402497, 449.6851638919079619, -0.0000000000454332, -7.3339549859402497, 449.7449646995974035, -0.0000000000254687, -0.0003410692560317, 4500.0000087023, 4500.0000087023, 0.0000000000000115, -0.9343047576834388, 360.0000030593939755, -0.93435909131623, -5.7880173005744e-12, 5.1298561712573e-05, -6.1133987446778e-19, 20930150.0000003129243851, -0.0000000000002233, 18.7393659956929994, 0.00017408635402156, 4500.0000087023, 20925650, 0.0285806198, 0.0100032169, 0.0285806198, 0, 0, 0, 0, 0, 0, -1.22264536e-14, -0, -1.22264536e-14, -1.22264536e-14, -1.22264536e-14, -4.27925876e-15, -1.22264536e-14, 0, 0, 1, 0, 249.9665857, -7.43568211e-05, -3.49595691e-10, 0.9077515689
0.04999998, 0, 0, 0, 0, 0, 0, 0.573142116, -1.184907761e-12, 0, 0.0000000000072449, 0.0000016773147025, -0.0000000000029028, 0.0000000003161177, 0.0000486779786106, -0.0000000001243585, 210.3791011, 16906455.58, 449.744965374, 1591.13527116, 449.6851641313576238, -0.0000000001028122, -7.3339647777215156, 449.6851641313576238, -0.0000000001028122, -7.3339647777215156, 449.7449651992989175, -0.0000000000713183, -0.0005119734436780, 4500.000017155, 4500.000017155, 0.0000000000000778, -0.9342842178409362, 360.0000030593939186, -0.93436033808822, -1.3097876385743e-11, 7.1817986450855e-05, -2.7526220381662e-18, 20930150.0000007115304470, -0.0000000000010055, 26.2351124134307838, 0.00024372089563018, 4500.000017155, 20925650, 0.0285806198, 0.0100032169, 0.0285806198, 0, 0, 0, 0, 0, 0, -5.90872617e-14, -0, -5.90872617e-14, -5.90872617e-14, -5.90872617e-14, -2.06805416e-14, -5.90872617e-14, 0, 0, 1, 0, 249.9665858, -7.521890582e-05, -5.277423805e-10, 0.9077515689
0.06666664, 0, 0, 0, 0, 0, 0, 0.573142116, -3.186808127e-12, 0, 0.0000000000170375, 0.0000027275715253, -0.0000000000066973, 0.0000000005921733, 0.0000629687361892, -0.0000000002293912, 210.3791012, 16906455.58, 449.744965571, 1591.13527125, 449.6851641676919371, -0.0000000001835628, -7.3339746602409068, 449.6851641676919371, -0.0000000001835628, -7.3339746602409068, 449.7449654973699467, -0.0000000001407203, -0.0006830969588396, 4500.0000284538, 4500.0000284538, 0.0000000000002657, -0.9342636624401536, 360.0000030593939186, -0.93436159684032, -2.3385194807431e-11, 9.2337411207325e-05, -7.522048625301e-18, 20930150.0000012740492821, -0.0000000000027478, 33.7308588378199943, 0.0003133554372388, 4500.0000284538, 20925650, 0.0285806198, 0.0100032169, 0.0285806198, 0, 0, 0, 0, 0, 0, -1.58915126e-13, -0, -1.58915126e-13, -1.58915126e-13, -1.58915126e-13, -5.5620294e-14, -1.58915126e-13, 0, 0, 1, 0, 249.9665858, -7.579748832e-05, -7.068146148e-10, 0.9077515689
0.0833333, 0, 0, 0, 0, 0, 0, 0.573142116, -6.572076288e-12, 0, 0.0000000000325871, 0.0000040035302040, -0.0000000000126747, 0.0000000009369629, 0.0000765106828274, -0.0000000003601370, 210.3791011, 16906455.58, 449.744965567, 1591.13527128, 449.6851640014022564, -0.0000000002877685, -7.3339845979878504, 449.6851640014022564, -0.0000000002877685, -7.3339845979878504, 449.7449655937231796, -0.0000000002340168, -0.0008544338654204, 4500.0000426099, 4500.0000426061, 0.0000000000006627, -0.9342430876151872, 360.0000030593937481, -0.9343628630482, -3.6660606098082e-11, 0.00011285683597278, -1.6002056203148e-17, 20930150.0000020079314709, -0.0000000000058456, 41.2266052655004884, 0.00038298997884742, 4500.0000426061, 20925650, 0.0285806198, 0.0100032169, 0.0285806198, 0, 0, 0, 0, 0, 0, -3.27726768e-13, -0, -3.27726768e-13, -3.27726768e-13, -3.27726768e-13, -1.14704369e-13, -3.27726768e-13, 0, 0, 1, 0, 249.9665857, -7.611653893e-05, -8.862490184e-10, 0.9077515689
0.09999996, 0, 0, 0, 0, 0, 0, 0.573142116, -1.162000126e-11, 0, 0.0000000000548798, 0.0000054926960927, -0.0000000000212061, 0.0000000013409871, 0.0000893032113441, -0.0000000005131819, 210.3791008, 16906455.56, 449.744965361, 1591.13527125, 449.6851636329269581, -0.0000000004154451, -7.3339945585265953, 449.6851636329269581, -0.0000000004154451, -7.3339945585265953, 449.7449654882698269, -0.0000000003515296, -0.0010259797300520, 4500.0000596233, 4500.0000596233, 0.0000000000013740, -0.9342224897085151, 360.0000030593934639, -0.93436413257931, -5.292610536222e-11, 0.00013337626073801, -2.929021305923e-17, 20930150.0000029131770134, -0.0000000000106997, 48.7223516931106531, 0.00045262452045604, 4500.0000596233, 20925650, 0.0285806198, 0.0100032169, 0.0285806198, 0, 0, 0, 0, 0, 0, -5.7944937e-13, -0, -5.7944937e-13, -5.7944937e-13, -5.7944937e-13, -2.02807279e-13, -5.7944937e-13, 0, 0, 1, 0, 249.9665854, -7.619909686e-05, -1.065571246e-09, 0.9077515689
0.11666662, 0, 0, 0, 0, 0, 0, 0.573142116, -1.857208364e-11, 0, 0.0000000000847608, 0.0000071826310746, -0.0000000000326118, 0.0000000017957935, 0.0001013496891136, -0.0000000006854517, 210.3791003, 16906455.54, 449.744964953, 1591.13527116, 449.6851630626525775, -0.0000000005665513, -7.3340045123725339, 449.6851630626525775, -0.0000000005665513, -7.3340045123725339, 449.7449651809168927, -0.0000000004935648, -0.0011977314980607, 4500.000079494, 4500.000079494, 0.0000000000025204, -0.9342018652705857, 360.0000030593930092, -0.93436540167713, -7.2176461279485e-11, 0.0001538956854938, -4.849839993044e-17, 20930150.0000039935112000, -0.0000000000177165, 56.2180981172873615, 0.00052225906206467, 4500.000079494, 20925650, 0.0285806198, 0.0100032169, 0.0285806198, 0, 0, 0, 0, 0, 0, -9.2612573e-13, -0, -9.2612573e-13, -9.2612573e-13, -9.2612573e-13, -3.24144006e-13, -9.2612573e-13, 0, 0, 1, 0, 249.966585, -7.606724278e-05, -1.244387442e-09, 0.9077515689
0.13333328, 0, 0, 0, 0, 0, 0, 0.573142116, -2.763583906e-11, 0, 0.0000000001229507, 0.0000090610133565, -0.0000000000471657, 0.0000000022938810, 0.0001126570702198, -0.0000000008741852, 210.3790996, 16906455.51, 449.744964343, 1591.13527102, 449.6851622909148887, -0.0000000007409995, -7.3340144328651729, 449.6851622909148887, -0.0000000007409995, -7.3340144328651729, 449.7449646715675158, -0.0000000006604170, -0.0013696873755320, 4500.0001022294, 4500.0001022294, 0.0000000000042354, -0.9341812110583629, 360.0000030593923839, -0.93436666694497, -9.4400490792408e-11, 0.00017441511023095, -7.4752188894826e-17, 20930150.0000052526593208, -0.0000000000273070, 63.7138445346659239, 0.00059189360367329, 4500.0001022294, 20925650, 0.0285806198, 0.0100032169, 0.0285806198, 0, 0, 0, 0, 0, 0, -1.37810394e-12, -0, -1.37810394e-12, -1.37810394e-12, -1.37810394e-12, -4.82336379e-13, -1.37810394e-12, 0, 0, 1, 0, 249.9665845, -7.574207322e-05, -1.422376294e-09, 0.9077515689
0.14999994, 0, 0, 0, 0, 0, 0, 0.573142116, -3.898830757e-11, 0, 0.0000000001700593, 0.0000111156907365, -0.0000000000651009, 0.0000000028286123, 0.0001232355077473, -0.0000000010769101, 210.3790987, 16906455.47, 449.744963532, 1591.13527081, 449.6851613180003824, -0.0000000009386642, -7.3340242960381010, 449.6851613180003824, -0.0000000009386642, -7.3340242960381010, 449.7449639601201739, -0.0000000008523729, -0.0015418467159183, 4500.0001278333, 4500.0001278333, 0.0000000000066638, -0.9341605240329182, 360.0000030593914744, -0.9343679253294, -1.1958220580919e-10, 0.00019493453494021, -1.0919040214409e-16, 20930150.0000066980719566, -0.0000000000398873, 71.2095909418799948, 0.00066152814528191, 4500.0001278333, 20925650, 0.0285806198, 0.0100032169, 0.0285806198, 0, 0, 0, 0, 0, 0, -1.94421237e-12, -0, -1.94421237e-12, -1.94421237e-12, -1.94421237e-12, -6.80474331e-13, -1.94421237e-12, 0, 0, 1, 0, 249.9665839, -7.524368324e-05, -1.599281616e-09, 0.9077515689
0.1666666, 0, 0, 0, 0, 0, 0, 0.573142116, -5.277928709e-11, 0, 0.0000000002265989, 0.0000133347279990, -0.0000000000866133, 0.0000000033941330, 0.0001330979993750, -0.0000000012914202, 210.3790976, 16906455.42, 449.744962517, 1591.13527056, 449.6851601441476873, -0.0000000011593901, -7.3340340804873980, 449.6851601441476873, -0.0000000011593901, -7.3340340804873980, 449.7449630464672623, -0.0000000010697148, -0.0017142099113059, 4500.0001563095, 4500.0001563132, 0.0000000000099598, -0.9341398013561949, 360.0000030593901670, -0.93436917410353, -1.477018406252e-10, 0.00021545395961238, -1.5296483323755e-16, 20930150.0000083297491074, -0.0000000000558781, 78.7053373355614951, 0.00073116268689053, 4500.0001563132, 20925650, 0.0285806198, 0.0100032169, 0.0285806198, 0, 0, 0, 0, 0, 0, -2.63192094e-12, -0, -2.63192094e-12, -2.63192094e-12, -2.63192094e-12, -9.21172329e-13, -2.63192094e-12, 0, 0, 1, 0, 249.9665831, -7.459115807e-05, -1.774905449e-09, 0.9077515689
0.18333326, 0, 0, 0, 0, 0, 0, 0.573142116, -6.913430843e-11, 0, 0.0000000002929962, 0.0000157064486329, -0.0000000001118666, 0.0000000039852987, 0.0001422600465384, -0.0000000015157537, 210.3790962, 16906455.36, 449.744961301, 1591.13527024, 449.6851587695493322, -0.0000000014029997, -7.3340437672392342, 449.6851587695493322, -0.0000000014029997, -7.3340437672392342, 449.7449619304947532, -0.0000000013127235, -0.0018867782887755, 4500.0001876615, 4500.0001876615, 0.0000000000142854, -0.9341190403870249, 360.0000030593885754, -0.93437041085007, -1.7873676843861e-10, 0.00023597338423822, -2.0724011434702e-16, 20930150.0000101514160633, -0.0000000000757048, 86.2010837123404912, 0.00080079722849916, 4500.0001876615, 20925650, 0.0285806198, 0.0100032169, 0.0285806198, 0, 0, 0, 0, 0, 0, -3.44748942e-12, -0, -3.44748942e-12, -3.44748942e-12, -3.44748942e-12, -1.2066213e-12, -3.44748942e-12, 0, 0, 1, 0, 249.9665822, -7.380256911e-05, -1.949101649e-09, 0.9077515689
0.19999992, 0, 0, 0, 0, 0, 0, 0.573142116, -8.815736819e-11, 0, 0.0000000003696031, 0.0000182194712621, -0.0000000001409952, 0.0000000045976066, 0.0001507393372682, -0.0000000017481736, 210.3790947, 16906455.29, 449.744959882, 1591.13526987, 449.6851571943533941, -0.0000000016692993, -7.3340533396173795, 449.6851571943533941, -0.0000000016692993, -7.3340533396173795, 449.7449606120820818, -0.0000000015816812, -0.0020595540117370, 4500.0002218895, 4500.0002218932, 0.0000000000198090, -0.9340982386764972, 360.0000030593864722, -0.93437163344453, -2.1266231495277e-10, 0.00025649280880849, -2.7319371392042e-16, 20930150.0000121667981148, -0.0000000000997977, 93.6968300688450881, 0.00087043177010778, 4500.0002218932, 20925650, 0.0285806198, 0.0100032169, 0.0285806198, 0, 0, 0, 0, 0, 0, -4.39610378e-12, -0, -4.39610378e-12, -4.39610378e-12, -4.39610378e-12, -1.53863632e-12, -4.39610378e-12, 0, 0, 1, 0, 249.9665812, -7.289497613e-05, -2.121769945e-09, 0.9077515689
0.21666658, 0, 0, 0, 0, 0, 0, 0.573142116, -1.09933435e-10, 0, 0.0000000004567059, 0.0000208627409936, -0.0000000001741082, 0.0000000052271340, 0.0001585554431082, -0.0000000019871481, 210.379093, 16906455.22, 449.744958261, 1591.13526944, 449.6851554186652038, -0.0000000019580848, -7.3340627831112739, 449.6851554186652038, -0.0000000019580848, -7.3340627831112739, 449.7449590911014070, -0.0000000018768738, -0.0022325399862790, 4500.0002589971, 4500.0002589971, 0.0000000000267046, -0.9340773939627633, 360.0000030593838005, -0.93437284003834, -2.4945247663671e-10, 0.00027701223331395, -3.5201605010359e-16, 20930150.0000143758952618, -0.0000000001285915, 101.1925764017013734, 0.0009400663117164, 4500.0002589971, 20925650, 0.0285806198, 0.0100032169, 0.0285806198, 0, 0, 0, 0, 0, 0, -5.4820011e-12, -0, -5.4820011e-12, -5.4820011e-12, -5.4820011e-12, -1.91870038e-12, -5.4820011e-12, 0, 0, 1, 0, 249.9665801, -7.188443483e-05, -2.292850439e-09, 0.9077515689
0.23333324, 0, 0, 0, 0, 0, 0, 0.573142116, -1.345307439e-10, 0, 0.0000000005545344, 0.0000236255561305, -0.0000000002112923, 0.0000000058704814, 0.0001657295382711, -0.0000000022313338, 210.379091, 16906455.13, 449.744956436, 1591.13526895, 449.6851534425493924, -0.0000000022691465, -7.3340720852454000, 449.6851534425493924, -0.0000000022691465, -7.3340720852454000, 449.7449573674175554, -0.0000000021985926, -0.0024057397725601, 4500.0002989918, 4500.0002989918, 0.0000000000351501, -0.9340565041653580, 360.0000030593806741, -0.93437402904224, -2.8908055083912e-10, 0.00029753165774535, -4.4491070614539e-16, 20930150.0000167861580849, -0.0000000001625259, 108.6883227075332030, 0.001009700853325, 4500.0002989918, 20925650, 0.0285806198, 0.0100032169, 0.0285806198, 0, 0, 0, 0, 0, 0, -6.70858402e-12, -0, -6.70858402e-12, -6.70858402e-12, -6.70858402e-12, -2.34800441e-12, -6.70858402e-12, 0, 0, 1, 0, 249.9665789, -7.078600782e-05, -2.462318526e-09, 0.9077515689
0.2499999, 0, 0, 0, 0, 0, 0, 0.573142116, -1.620028918e-10, 0, 0.0000000006632698, 0.0000264975904091, -0.0000000002526146, 0.0000000065247201, 0.0001722841328411, -0.0000000024795588, 210.3790888, 16906455.04, 449.744954409, 1591.13526841, 449.6851512660315393, -0.0000000026022738, -7.3340812354503404, 449.6851512660315393, -0.0000000026022738, -7.3340812354503404, 449.7449554408874519, -0.0000000025471369, -0.0025791575011942, 4500.0003418736, 4500.0003418736, 0.0000000000453271, -0.9340355673791140, 360.0000030593768088, -0.93437519910986, -3.3151968460091e-10, 0.00031805108209344, -5.5309473487662e-16, 20930150.0000194013118744, -0.0000000002020455, 116.1840689829621311, 0.0010793353949336, 4500.0003418736, 20925650, 0.0285806198, 0.0100032169, 0.0285806198, 0, 0, 0, 0, 0, 0, -8.07852524e-12, -0, -8.07852524e-12, -8.07852524e-12, -8.07852524e-12, -2.82748384e-12, -8.07852524e-12, 0, 0, 1, 0, 249.9665775, -6.961378037e-05, -2.630180213e-09, 0.9077515689
0.26666656, 0, 0, 0, 0, 0, 0, 0.573142116, -1.923907485e-10, 0, 0.0000000007830512, 0.0000294689112229, -0.0000000002981254, 0.0000000071873448, 0.0001782428320806, -0.0000000027308075, 210.3790865, 16906454.94, 449.744952179, 1591.13526781, 449.6851488891002191, -0.0000000029572583, -7.3340902249362925, 449.6851488891002191, -0.0000000029572583, -7.3340902249362925, 449.7449533113600637, -0.0000000029228150, -0.0027527977945700, 4500.0003876463, 4500.0003876425, 0.0000000000574199, -0.9340145818677404, 360.0000030593722045, -0.93437634912158, -3.7674334862812e-10, 0.00033857050634896, -6.7779904020128e-16, 20930150.0000222250819206, -0.0000000002476000, 123.6798152246072675, 0.0011489699365423, 4500.0003876425, 20925650, 0.0285806198, 0.0100032169, 0.0285806198, 0, 0, 0, 0, 0, 0, -9.59386281e-12, -0, -9.59386281e-12, -9.59386281e-12, -9.59386281e-12, -3.35785198e-12, -9.59386281e-12, 0, 0, 1, 0, 249.966576, -6.838088142e-05, -2.796467818e-09, 0.9077515689
0.28333322, 0, 0, 0, 0, 0, 0, 0.573142116, -2.257241945e-10, 0, 0.0000000009139828, 0.0000325299940220, -0.0000000003478603, 0.0000000078562293, 0.0001836301058976, -0.0000000029842063, 210.3790839, 16906454.83, 449.744949746, 1591.13526715, 449.6851463117089338, -0.0000000033338975, -7.3340990465693112, 449.6851463117089338, -0.0000000033338975, -7.3340990465693112, 449.7449509786760586, -0.0000000033259454, -0.0029266656932636, 4500.0004363172, 4500.0004363209, 0.0000000000716146, -0.9339935460571313, 360.0000030593668043, -0.9343774781688, -4.2472574259189e-10, 0.00035908993050264, -8.2026882435729e-16, 20930150.0000252611935139, -0.0000000002996442, 131.1755614290851213, 0.0012186044781509, 4500.0004363209, 20925650, 0.0285806198, 0.0100032169, 0.0285806198, 0, 0, 0, 0, 0, 0, -1.12560867e-11, -0, -1.12560867e-11, -1.12560867e-11, -1.12560867e-11, -3.93963036e-12, -1.12560867e-11, 0, 0, 1, 0, 249.9665744, -6.709950463e-05, -2.961236028e-09, 0.9077515689
0.29999988, 0, 0, 0, 0, 0, 0, 0.573142116, -2.620236971e-10, 0, 0.0000000010561387, 0.0000356717331518, -0.0000000004018427, 0.0000000085295868, 0.0001884710749951, -0.0000000032390104, 210.3790811, 16906454.71, 449.74494711, 1591.13526643, 449.6851435337780458, -0.0000000037319973, -7.3341076947506103, 449.6851435337780458, -0.0000000037319973, -7.3341076947506103, 449.7449484426683171, -0.0000000037568584, -0.0031007665871234, 4500.0004878938, 4500.0004878938, 0.0000000000880989, -0.9339724585284621, 360.0000030593606084, -0.93437858553849, -4.7544213757099e-10, 0.00037960935454521, -9.8176409051079e-16, 20930150.0000285133719444, -0.0000000003586384, 138.6713075930095442, 0.0012882390197595, 4500.0004878938, 20925650, 0.0285806198, 0.0100032169, 0.0285806198, 0, 0, 0, 0, 0, 0, -1.30662177e-11, -0, -1.30662177e-11, -1.30662177e-11, -1.30662177e-11, -4.57317619e-12, -1.30662177e-11, 0, 0, 1, 0, 249.9665727, -6.578093382e-05, -3.124558293e-09, 0.9077515689
0.31666654, 0, 0, 0, 0, 0, 0, 0.573142116, -3.013017374e-10, 0, 0.0000000012095684, 0.0000388854495993, -0.0000000004600853, 0.0000000092059327, 0.0001927913244192, -0.0000000034945909, 210.3790781, 16906454.58, 449.74494427, 1591.13526565, 449.6851405551967105, -0.0000000041513743, -7.3341161652994762, 449.6851405551967105, -0.0000000041513743, -7.3341161652994762, 449.7449457031618749, -0.0000000042158968, -0.0032751061511540, 4500.000542365, 4500.000542365, 0.0000000001070616, -0.9339513180111347, 360.0000030593534461, -0.93437967069837, -5.2886916108766e-10, 0.00040012877846737, -1.1635601910235e-15, 20930150.0000319816172123, -0.0000000004250486, 146.1670537129914749, 0.0013578735613681, 4500.000542365, 20925650, 0.0285806198, 0.0100032169, 0.0285806198, 0, 0, 0, 0, 0, 0, -1.5024878e-11, -0, -1.5024878e-11, -1.5024878e-11, -1.5024878e-11, -5.25870731e-12, -1.5024878e-11, 0, 0, 1, 0, 249.9665708, -6.443557112e-05, -3.286523546e-09, 0.9077515689
0.3333332, 0, 0, 0, 0, 0, 0, 0.573142116, -3.435640964e-10, 0, 0.0000000013743013, 0.0000421628956400, -0.0000000005225924, 0.0000000098840515, 0.0001966167244174, -0.0000000037504239, 210.3790749, 16906454.44, 449.744941226, 1591.13526482, 449.6851373758246950, -0.0000000045918575, -7.3341244553398459, 449.6851373758246950, -0.0000000045918575, -7.3341244553398459, 449.7449427599731848, -0.0000000047034164, -0.0034496902860308, 4500.0005997457, 4500.0005997457, 0.0000000001286920, -0.9339301233756201, 360.0000030593452607, -0.93438073328237, -5.8498502994463e-10, 0.00042064820225984, -1.3669484124716e-15, 20930150.0000356733798981, -0.0000000004993463, 153.6627997856388959, 0.0014275081029768, 4500.0005997457, 20925650, 0.0285806198, 0.0100032169, 0.0285806198, 0, 0, 0, 0, 0, 0, -1.71323561e-11, -0, -1.71323561e-11, -1.71323561e-11, -1.71323561e-11, -5.99632462e-12, -1.71323561e-11, 0, 0, 1, 0, 249.9665688, -6.307296895e-05, -3.447233214e-09, 0.9077515689
0.34999986, 0, 0, 0, 0, 0, 0, 0.573142116, -3.888110126e-10, 0, 0.0000000015503502, 0.0000454962568174, -0.0000000005893607, 0.0000000105629652, 0.0001999732590223, -0.0000000040060792, 210.3790715, 16906454.29, 449.744937978, 1591.13526393, 449.6851339954943114, -0.0000000050532898, -7.3341325631908871, 449.6851339954943114, -0.0000000050532898, -7.3341325631908871, 449.7449396129106276, -0.0000000052197868, -0.0036245250631950, 4500.0006600395, 4500.0006600395, 0.0000000001531797, -0.9339088736262418, 360.0000030593359952, -0.93438177307674, -6.4376973571784e-10, 0.00044116762591332, -1.5932365892196e-15, 20930150.0000395923852921, -0.0000000005820094, 161.1585458075566635, 0.0014971426445854, 4500.0006600395, 20925650, 0.0285806198, 0.0100032169, 0.0285806198, 0, 0, 0, 0, 0, 0, -1.93886637e-11, -0, -1.93886637e-11, -1.93886637e-11, -1.93886637e-11, -6.78603228e-12, -1.93886637e-11, 0, 0, 1, 0, 249.9665667, -6.170185566e-05, -3.606798522e-09, 0.9077515689
0.36666652, 0, 0, 0, 0, 0, 0, 0.573142116, -4.370382178e-10, 0, 0.0000000017377155, 0.0000488781515333, -0.0000000006603816, 0.0000000112419061, 0.0002028868908760, -0.0000000042612108, 210.3790679, 16906454.14, 449.744934526, 1591.13526299, 449.6851304140122920, -0.0000000055355292, -7.3341404882617285, 449.6851304140122920, -0.0000000055355292, -7.3341404882617285, 449.7449362617748534, -0.0000000057653916, -0.0037996166740264, 4500.0007232465, 4500.0007232428, 0.0000000001807147, -0.9338875678939556, 360.0000030593255929, -0.93438279000661, -7.0520518746639e-10, 0.0004616870494185, -1.8437497380432e-15, 20930150.0000437423586845, -0.0000000006735218, 168.6542917753463655, 0.001566777186194, 4500.0007232428, 20925650, 0.0285806198, 0.0100032169, 0.0285806198, 0, 0, 0, 0, 0, 0, -2.1793588e-11, -0, -2.1793588e-11, -2.1793588e-11, -2.1793588e-11, -7.62775579e-12, -2.1793588e-11, 0, 0, 1, 0, 249.9665645, -6.033017285e-05, -3.765338053e-09, 0.9077515689
0.38333318, 0, 0, 0, 0, 0, 0, 0.573142116, -4.882378625e-10, 0, 0.0000000019363878, 0.0000523016282966, -0.0000000007356416, 0.0000000119202905, 0.0002053834203355, -0.0000000045155475, 210.3790641, 16906453.97, 449.74493087, 1591.13526198, 449.6851266311617223, -0.0000000060384495, -7.3341482309505297, 449.6851266311617223, -0.0000000060384495, -7.3341482309505297, 449.7449327063589521, -0.0000000063406289, -0.0039749713834327, 4500.0007893778, 4500.0007893778, 0.0000000002114866, -0.9338662054291476, 360.0000030593139968, -0.93438378412316, -7.6927531594275e-10, 0.00048220647276607, -2.1198307069458e-15, 20930150.0000481307506561, -0.0000000007743742, 176.1500376856062644, 0.0016364117278026, 4500.0007893778, 20925650, 0.0285806198, 0.0100032169, 0.0285806198, 0, 0, 0, 0, 0, 0, -2.43467376e-11, -0, -2.43467376e-11, -2.43467376e-11, -2.43467376e-11, -8.52135816e-12, -2.43467376e-11, 0, 0, 1, 0, 249.9665622, -5.896510813e-05, -3.92297557e-09, 0.9077515689
0.39999984, 0, 0, 0, 0, 0, 0, 0.573142116, -5.423993375e-10, 0, 0.0000000021463505, 0.0000557601610461, -0.0000000008151241, 0.0000000125976958, 0.0002074883645188, -0.0000000047688842, 210.37906, 16906453.8, 449.74492701, 1591.13526092, 449.6851226467035758, -0.0000000065619411, -7.3341557925480583, 449.6851226467035758, -0.0000000065619411, -7.3341557925480583, 449.7449289464483968, -0.0000000069459112, -0.0041505954874621, 4500.0008584298, 4500.0008584298, 0.0000000002456848, -0.9338447855945007, 360.0000030593010933, -0.93438475559129, -8.3596614333173e-10, 0.00050272589594668, -2.4228408319412e-15, 20930150.0000527575612068, -0.0000000008850638, 183.6457835349310699, 0.0017060462694112, 4500.0008584298, 20925650, 0.0285806198, 0.0100032169, 0.0285806198, 0, 0, 0, 0, 0, 0, -2.70475835e-11, -0, -2.70475835e-11, -2.70475835e-11, -2.70475835e-11, -9.46665422e-12, -2.70475835e-11, 0, 0, 1, 0, 249.9665597, -5.761312744e-05, -4.079838053e-09, 0.9077515689
0.4166665, 0, 0, 0, 0, 0, 0, 0.573142116, -5.995100005e-10, 0, 0.0000000023675825, 0.0000592476427642, -0.0000000008988099, 0.0000000132738388, 0.0002092268605841, -0.0000000050210746, 210.3790558, 16906453.62, 449.744922944, 1591.1352598, 449.6851184603785896, -0.0000000071059109, -7.3341631751458127, 449.6851184603785896, -0.0000000071059109, -7.3341631751458127, 449.7449249818212138, -0.0000000075816651, -0.0043264952747046, 4500.0009304173, 4500.0009304136, 0.0000000002834987, -0.9338233078579519, 360.0000030592867688, -0.93438570467797, -9.052658222743e-10, 0.00052324531895102, -2.75416059618e-15, 20930150.0000576302409172, -0.0000000010060949, 191.1415293199118821, 0.0017756808110199, 4500.0009304136, 20925650, 0.0285806198, 0.0100032169, 0.0285806198, 0, 0, 0, 0, 0, 0, -2.98954952e-11, -0, -2.98954952e-11, -2.98954952e-11, -2.98954952e-11, -1.04634233e-11, -2.98954952e-11, 0, 0, 1, 0, 249.9665571, -5.628001334e-05, -4.236053971e-09, 0.9077515689
0.43333316, 0, 0, 0, 0, 0, 0, 0.573142116, -6.595558147e-10, 0, 0.0000000026000599, 0.0000627583773496, -0.0000000009866782, 0.0000000139485568, 0.0002106235568249, -0.0000000052720234, 210.3790513, 16906453.43, 449.744918674, 1591.13525862, 449.6851140719089130, -0.0000000076702828, -7.3341703815485957, 449.6851140719089130, -0.0000000076702828, -7.3341703815485957, 449.7449208122483242, -0.0000000082483321, -0.0045026769915832, 4500.0010053329, 4500.0010053366, 0.0000000003251168, -0.9338017717857696, 360.0000030592710800, -0.93438663174104, -9.7716464768051e-10, 0.00054376474176972, -3.1151902863633e-15, 20930150.0000627525150776, -0.0000000011379791, 198.6372750371359928, 0.0018453153526285, 4500.0010053366, 20925650, 0.0285806198, 0.0100032169, 0.0285806198, 0, 0, 0, 0, 0, 0, -3.28897728e-11, -0, -3.28897728e-11, -3.28897728e-11, -3.28897728e-11, -1.15114205e-11, -3.28897728e-11, 0, 0, 1, 0, 249.9665544, -5.497089577e-05, -4.391751749e-09, 0.9077515689
0.44999982, 0, 0, 0, 0, 0, 0, 0.573142116, -7.225219066e-10, 0, 0.0000000028437578, 0.0000662870702457, -0.0000000010787076, 0.0000000146217901, 0.0002117025425924, -0.0000000055216800, 210.3790466, 16906453.23, 449.744914198, 1591.13525738, 449.6851094809996994, -0.0000000082549973, -7.3341774151918111, 449.6851094809996994, -0.0000000082549973, -7.3341774151918111, 449.7449164374938277, -0.0000000089463674, -0.0046791468108935, 4500.0010831915, 4500.0010831878, 0.0000000003707275, -0.9337801770357816, 360.0000030592539133, -0.93438753721872, -1.0516550445678e-09, 0.00056428416439342, -3.5073506419272e-15, 20930150.0000681281089783, -0.0000000012812353, 206.1330206831868850, 0.0019149498942371, 4500.0010831878, 20925650, 0.0285806198, 0.0100032169, 0.0285806198, 0, 0, 0, 0, 0, 0, -3.60296745e-11, -0, -3.60296745e-11, -3.60296745e-11, -3.60296745e-11, -1.26103861e-11, -3.60296745e-11, 0, 0, 1, 0, 249.9665515, -5.369029251e-05, -4.547058418e-09, 0.9077515689
0.46666648, 0, 0, 0, 0, 0, 0, 0.573142116, -7.883930501e-10, 0, 0.0000000030986520, 0.0000698288178444, -0.0000000011748761, 0.0000000152935657, 0.0002124872688297, -0.0000000057700324, 210.3790417, 16906453.02, 449.744909517, 1591.13525609, 449.6851046873405267, -0.0000000088600114, -7.3341842800633428, 449.6851046873405267, -0.0000000088600114, -7.3341842800633428, 449.7449118573152305, -0.0000000096762402, -0.0048559108040944, 4500.001163993, 4500.001163993, 0.0000000004205189, -0.9337585233507655, 360.0000030592350981, -0.93438842161962, -1.1287315349672e-09, 0.00058480358681277, -3.9320834929842e-15, 20930150.0000737644731998, -0.0000000014363902, 213.6287662546440629, 0.0019845844358457, 4500.001163993, 20925650, 0.0285806198, 0.0100032169, 0.0285806198, 0, 0, 0, 0, 0, 0, -3.93144412e-11, -0, -3.93144412e-11, -3.93144412e-11, -3.93144412e-11, -1.37600544e-11, -3.93144412e-11, 0, 0, 1, 0, 249.9665486, -5.244213841e-05, -4.702098452e-09, 0.9077515689
0.48333314, 0, 0, 0, 0, 0, 0, 0.573142116, -8.571540823e-10, 0, 0.0000000033647196, 0.0000733790957279, -0.0000000012751624, 0.0000000159639835, 0.0002130004853422, -0.0000000060171013, 210.3790366, 16906452.8, 449.74490463, 1591.13525474, 449.6850996906072169, -0.0000000094852981, -7.3341909806298036, 449.6850996906072169, -0.0000000094852981, -7.3341909806298036, 449.7449070714638424, -0.0000000104384331, -0.0050329749163467, 4500.0012477413, 4500.0012477413, 0.0000000004746784, -0.9337368105520285, 360.0000030592146913, -0.93438928551337, -1.2083906866971e-09, 0.00060532300901838, -4.3908523834924e-15, 20930150.0000796653330326, -0.0000000016039785, 221.1245117480829379, 0.0020542189774544, 4500.0012477413, 20925650, 0.0285806198, 0.0100032169, 0.0285806198, 0, 0, 0, 0, 0, 0, -4.27433166e-11, -0, -4.27433166e-11, -4.27433166e-11, -4.27433166e-11, -1.49601608e-11, -4.27433166e-11, 0, 0, 1, 0, 249.9665455, -5.1229825e-05, -4.856992756e-09, 0.9077515689
0.4999998, 0, 0, 0, 0, 0, 0, 0.573142116, -9.287902572e-10, 0, 0.0000000036419407, 0.0000769337462670, -0.0000000013795459, 0.0000000166332034, 0.0002132641954751, -0.0000000062629356, 210.3790313, 16906452.57, 449.744899538, 1591.13525333, 449.6850944904629728, -0.0000000101308461, -7.3341975217676616, 449.6850944904629728, -0.0000000101308461, -7.3341975217676616, 449.7449020796848913, -0.0000000112334418, -0.0052103449449232, 4500.0013344474, 4500.0013344437, 0.0000000005333932, -0.9337150385331877, 360.0000030591925793, -0.93439012952184, -1.29063104655e-09, 0.00062584243100085, -4.8851431765663e-15, 20930150.0000858344137669, -0.0000000017845429, 228.6202571600747149, 0.002123853519063, 4500.0013344437, 20925650, 0.0285806198, 0.0100032169, 0.0285806198, 0, 0, 0, 0, 0, 0, -4.63155655e-11, -0, -4.63155655e-11, -4.63155655e-11, -4.63155655e-11, -1.62104479e-11, -4.63155655e-11, 0, 0, 1, 0, 249.9665423, -5.005623227e-05, -5.011857804e-09, 0.9077515689
0.51666646, 0, 0, 0, 0, 0, 0, 0.573142116, -1.003287544e-09, 0, 0.0000000039302987, 0.0000804889652649, -0.0000000014880071, 0.0000000173014336, 0.0002132996027636, -0.0000000065076074, 210.3790258, 16906452.34, 449.744894239, 1591.13525186, 449.6850890865597421, -0.0000000107966589, -7.3342039086984370, 449.6850890865597421, -0.0000000107966589, -7.3342039086984370, 449.7448968817178070, -0.0000000120617746, -0.0053880265203379, 4500.0014241077, 4500.0014241114, 0.0000000005968501, -0.9336932072541669, 360.0000030591687050, -0.93439095431086, -1.3754530603563e-09, 0.00064636185275078, -5.4164646392595e-15, 20930150.0000922791659832, -0.0000000019786347, 236.1160024871862788, 0.0021934880606716, 4500.0014241114, 20925650, 0.0285806198, 0.0100032169, 0.0285806198, 0, 0, 0, 0, 0, 0, -5.00304881e-11, -0, -5.00304881e-11, -5.00304881e-11, -5.00304881e-11, -1.75106708e-11, -5.00304881e-11, 0, 0, 1, 0, 249.9665389, -4.892376193e-05, -5.166804923e-09, 0.9077515689
0.53333312, 0, 0, 0, 0, 0, 0, 0.573142116, -1.080632871e-09, 0, 0.0000000042297812, 0.0000840412881649, -0.0000000016005283, 0.0000000179689202, 0.0002131270845066, -0.0000000067512077, 210.3790201, 16906452.09, 449.744888733, 1591.13525033, 449.6850834785396387, -0.0000000114827541, -7.3342101469285179, 449.6850834785396387, -0.0000000114827541, -7.3342101469285179, 449.7448914772967896, -0.0000000129239518, -0.0055660250900305, 4500.001516737, 4500.001516737, 0.0000000006652357, -0.9336713167354199, 360.0000030591430118, -0.93439176058257, -1.4628589820356e-09, 0.00066688127425876, -5.9863490045581e-15, 20930150.0000990033149719, -0.0000000021868135, 243.6117477259801944, 0.0022631226022802, 4500.001516737, 20925650, 0.0285806198, 0.0100032169, 0.0285806198, 0, 0, 0, 0, 0, 0, -5.38874327e-11, -0, -5.38874327e-11, -5.38874327e-11, -5.38874327e-11, -1.88606014e-11, -5.38874327e-11, 0, 0, 1, 0, 249.9665355, -4.783437318e-05, -5.321939691e-09, 0.9077515689
0.54999978, 0, 0, 0, 0, 0, 0, 0.573142116, -1.16081433e-09, 0, 0.0000000045403804, 0.0000875875757793, -0.0000000017170932, 0.0000000186359385, 0.0002127661593216, -0.0000000069938431, 210.3790142, 16906451.84, 449.744883021, 1591.13524874, 449.6850776660361930, -0.0000000121891628, -7.3342162421931620, 449.6850776660361930, -0.0000000121891628, -7.3342162421931620, 449.7448858661505255, -0.0000000138205052, -0.0057443459048248, 4500.0016123317, 4500.0016123354, 0.0000000007387365, -0.9336493670523848, 360.0000030591153291, -0.93439254906828, -1.552852773694e-09, 0.00068740069551535, -6.5963525086689e-15, 20930150.0001060105860233, -0.0000000024096478, 251.1074928730145075, 0.0023327571438888, 4500.0016123354, 20925650, 0.0285806198, 0.0100032169, 0.0285806198, 0, 0, 0, 0, 0, 0, -5.78858054e-11, -0, -5.78858054e-11, -5.78858054e-11, -5.78858054e-11, -2.02600319e-11, -5.78858054e-11, 0, 0, 1, 0, 249.9665319, -4.67896106e-05, -5.477361459e-09, 0.9077515689
0.56666644, 0, 0, 0, 0, 0, 0, 0.573142116, -1.243821329e-09, 0, 0.0000000048620934, 0.0000911249995810, -0.0000000018376878, 0.0000000193027842, 0.0002122354677682, -0.0000000072356318, 210.379008, 16906451.58, 449.744877101, 1591.1352471, 449.6850716486753186, -0.0000000129159287, -7.3342222004045299, 449.6850716486753186, -0.0000000129159287, -7.3342222004045299, 449.7448800480036653, -0.0000000147519775, -0.0059229940073857, 4500.0017108992, 4500.0017108954, 0.0000000008175388, -0.9336273583301867, 360.0000030590857136, -0.93439332052188, -1.6454399985888e-09, 0.00070792011651112, -7.2480559020409e-15, 20930150.0001133084297180, -0.0000000026477150, 258.6032379248427446, 0.0024023916854975, 4500.0017108954, 20925650, 0.0285806198, 0.0100032169, 0.0285806198, 0, 0, 0, 0, 0, 0, -6.2025078e-11, -0, -6.2025078e-11, -6.2025078e-11, -6.2025078e-11, -2.17087773e-11, -6.2025078e-11, 0, 0, 1, 0, 249.9665282, -4.57906401e-05, -5.633162972e-09, 0.9077515689
0.5833331, 0, 0, 0, 0, 0, 0, 0.573142116, -1.329644714e-09, 0, 0.0000000051949224, 0.0000946510269667, -0.0000000019623002, 0.0000000199697665, 0.0002115527636525, -0.0000000074767010, 210.3790016, 16906451.3, 449.744870975, 1591.1352454, 449.6850654260764486, -0.0000000136631072, -7.3342280276039942, 449.6850654260764486, -0.0000000136631072, -7.3342280276039942, 449.7448740225759138, -0.0000000157189218, -0.0061019742231760, 4500.0018124469, 4500.0018124469, 0.0000000009018289, -0.9336052907385787, 360.0000030590540518, -0.93439407571367, -1.7406277085984e-09, 0.00072843953723661, -7.9430649328648e-15, 20930150.0001209005713463, -0.0000000029016018, 266.0989828780138282, 0.0024720262271061, 4500.0018124469, 20925650, 0.0285806198, 0.0100032169, 0.0285806198, 0, 0, 0, 0, 0, 0, -6.63047941e-11, -0, -6.63047941e-11, -6.63047941e-11, -6.63047941e-11, -2.32066779e-11, -6.63047941e-11, 0, 0, 1, 0, 249.9665243, -4.483827542e-05, -5.789430091e-09, 0.9077515689
0.59999976, 0, 0, 0, 0, 0, 0, 0.573142116, -1.418276858e-09, 0, 0.0000000055388750, 0.0000981634060716, -0.0000000020909204, 0.0000000206372021, 0.0002107348922208, -0.0000000077171841, 210.3789951, 16906451.02, 449.74486464, 1591.13524364, 449.6850589978537869, -0.0000000144307644, -7.3342337299179396, 449.6850589978537869, -0.0000000144307644, -7.3342337299179396, 449.7448677895824289, -0.0000000167219006, -0.0062812911531349, 4500.0019169822, 4500.0019169822, 0.0000000009917933, -0.9335831644871383, 360.0000030590203437, -0.93439481542486, -1.8384243277615e-09, 0.00074895895768236, -8.6830108020819e-15, 20930150.0001287944614887, -0.0000000031719041, 273.5947277290719626, 0.0025416607687147, 4500.0019169822, 20925650, 0.0285806198, 0.0100032169, 0.0285806198, 0, 0, 0, 0, 0, 0, -7.07245733e-11, -0, -7.07245733e-11, -7.07245733e-11, -7.07245733e-11, -2.47536007e-11, -7.07245733e-11, 0, 0, 1, 0, 249.9665204, -4.393300869e-05, -5.946241595e-09, 0.9077515689
0.61666642, 0, 0, 0, 0, 0, 0, 0.573142116, -1.509711716e-09, 0, 0.0000000058939640, 0.0001016601509332, -0.0000000022235410, 0.0000000213054089, 0.0002097978050792, -0.0000000079572180, 210.3789883, 16906450.73, 449.744858098, 1591.13524182, 449.6850523636169896, -0.0000000152189762, -7.3342393135177772, 449.6850523636169896, -0.0000000152189762, -7.3342393135177772, 449.7448613487352986, -0.0000000177614857, -0.0064609491683552, 4500.002024509, 4500.002024509, 0.0000000010876184, -0.9335609798207104, 360.0000030589843618, -0.93439554044235, -1.9388395331672e-09, 0.00076947837783889, -9.4695505892057e-15, 20930150.0001369938254356, -0.0000000034592271, 281.0904724745565204, 0.0026112953103233, 4500.002024509, 20925650, 0.0285806198, 0.0100032169, 0.0285806198, 0, 0, 0, 0, 0, 0, -7.52841142e-11, -0, -7.52841142e-11, -7.52841142e-11, -7.52841142e-11, -2.634944e-11, -7.52841142e-11, 0, 0, 1, 0, 249.9665163, -4.307503861e-05, -6.103669061e-09, 0.9077515689
0.63333308, 0, 0, 0, 0, 0, 0, 0.573142116, -1.603944852e-09, 0, 0.0000000062602076, 0.0001051395263659, -0.0000000023601569, 0.0000000219747019, 0.0002087565513824, -0.0000000081969412, 210.3789813, 16906450.43, 449.744851347, 1591.13523994, 449.6850455229721888, -0.0000000160278275, -7.3342447845831549, 449.6850455229721888, -0.0000000160278275, -7.3342447845831549, 449.7448546997427457, -0.0000000188382571, -0.0066409524064852, 4500.0021350272, 4500.0021350272, 0.0000000011894912, -0.9335387370151037, 360.0000030589461630, -0.93439625155412, -2.0418841345072e-09, 0.00078999779769669, -1.0304367648486e-14, 20930150.0001455061137676, -0.0000000037641858, 288.5862171110021563, 0.002680929851932, 4500.0021350272, 20925650, 0.0285806198, 0.0100032169, 0.0285806198, 0, 0, 0, 0, 0, 0, -7.99831956e-11, -0, -7.99831956e-11, -7.99831956e-11, -7.99831956e-11, -2.79941184e-11, -7.99831956e-11, 0, 0, 1, 0, 249.966512, -4.226429779e-05, -6.261776821e-09, 0.9077515689
0.64999974, 0, 0, 0, 0, 0, 0, 0.573142116, -1.70097345e-09, 0, 0.0000000066376290, 0.0001086000331354, -0.0000000025007652, 0.0000000226453888, 0.0002076252892157, -0.0000000084364919, 210.378974, 16906450.13, 449.744844388, 1591.135238, 449.6850384755227878, -0.0000000168574110, -7.3342501492689181, 449.6850384755227878, -0.0000000168574110, -7.3342501492689181, 449.7448478423092979, -0.0000000199528025, -0.0068213047696313, 4500.0022485554, 4500.0022485554, 0.0000000012975988, -0.9335164363730333, 360.0000030589056905, -0.934396949545, -2.1475699533125e-09, 0.00081051721724628, -1.1189171975186e-14, 20930150.0001543387770653, -0.0000000040874048, 296.0819616349385797, 0.0027505643935406, 4500.0022485554, 20925650, 0.0285806198, 0.0100032169, 0.0285806198, 0, 0, 0, 0, 0, 0, -8.4821677e-11, -0, -8.4821677e-11, -8.4821677e-11, -8.4821677e-11, -2.96875869e-11, -8.4821677e-11, 0, 0, 1, 0, 249.9665077, -4.150047857e-05, -6.42062197e-09, 0.9077515689
0.6666664, 0, 0, 0, 0, 0, 0, 0.573142116, -1.800796298e-09, 0, 0.0000000070262564, 0.0001120403932664, -0.0000000026453652, 0.0000000233177665, 0.0002064172924854, -0.0000000086760064, 210.3789666, 16906449.81, 449.744837221, 1591.135236, 449.6850312208702007, -0.0000000177078267, -7.3342554136751801, 449.6850312208702007, -0.0000000177078267, -7.3342554136751801, 449.7448407761371527, -0.0000000211057167, -0.0070020099237968, 4500.00236509, 4500.00236509, 0.0000000014121287, -0.9334940782203124, 360.0000030588628306, -0.93439763519285, -2.2559097029039e-09, 0.00083103663647812, -1.2125700541918e-14, 20930150.0001634955406189, -0.0000000044295187, 303.5777060428905543, 0.0028201989351492, 4500.00236509, 20925650, 0.0285806198, 0.0100032169, 0.0285806198, 0, 0, 0, 0, 0, 0, -8.9799498e-11, -0, -8.9799498e-11, -8.9799498e-11, -8.9799498e-11, -3.14298243e-11, -8.9799498e-11, 0, 0, 1, 0, 249.9665032, -4.078305475e-05, -6.58025444e-09, 0.9077515689
0.68333306, 0, 0, 0, 0, 0, 0, 0.573142116, -1.903413755e-09, 0, 0.0000000074261226, 0.0001154595355925, -0.0000000027939586, 0.0000000239921182, 0.0002051449724124, -0.0000000089156174, 210.3789589, 16906449.48, 449.744829844, 1591.13523395, 449.6850237586147045, -0.0000000185791803, -7.3342605838205719, 449.6850237586147045, -0.0000000185791803, -7.3342605838205719, 449.7448335009252673, -0.0000000222976009, -0.0071830712993837, 4500.002484642, 4500.002484642, 0.0000000015332692, -0.9334716629022859, 360.0000030588174695, -0.93439830926513, -2.3669168698666e-09, 0.00085155605538269, -1.3115717605198e-14, 20930150.0001729838550091, -0.0000000047911720, 311.0734503313778418, 0.0028898334767578, 4500.002484642, 20925650, 0.0285806198, 0.0100032169, 0.0285806198, 0, 0, 0, 0, 0, 0, -9.49166765e-11, -0, -9.49166765e-11, -9.49166765e-11, -9.49166765e-11, -3.32208368e-11, -9.49166765e-11, 0, 0, 1, 0, 249.9664986, -4.011131019e-05, -6.740717108e-09, 0.9077515689
0.69999972, 0, 0, 0, 0, 0, 0, 0.573142116, -2.008827709e-09, 0, 0.0000000078372652, 0.0001188565816311, -0.0000000029465491, 0.0000000246687110, 0.0002038198907245, -0.0000000091554532, 210.3789511, 16906449.15, 449.744822257, 1591.13523183, 449.6850160883559511, -0.0000000194715828, -7.3342656656185437, 449.6850160883559511, -0.0000000194715828, -7.3342656656185437, 449.7448260163706095, -0.0000000235290619, -0.0073644920931732, 4500.0026072115, 4500.0026072115, 0.0000000016612088, -0.9334491907805014, 360.0000030587696642, -0.93439897251595, -2.4806055978152e-09, 0.00087207547395043, -1.4161014982494e-14, 20930150.0001828074455261, -0.0000000051730192, 318.5691944969152587, 0.0029594680183664, 4500.0026072115, 20925650, 0.0285806198, 0.0100032169, 0.0285806198, 0, 0, 0, 0, 0, 0, -1.00173307e-10, -0, -1.00173307e-10, -1.00173307e-10, -1.00173307e-10, -3.50606573e-11, -1.00173307e-10, 0, 0, 1, 0, 249.9664939, -3.948435616e-05, -6.902045962e-09, 0.9077515689
0.71666638, 0, 0, 0, 0, 0, 0, 0.573142116, -2.117041508e-09, 0, 0.0000000082597255, 0.0001222308316871, -0.0000000031031425, 0.0000000253477937, 0.0002024527773693, -0.0000000093956365, 210.378943, 16906448.8, 449.744814461, 1591.13522966, 449.6850082096936490, -0.0000000203851496, -7.3342706648563194, 449.6850082096936490, -0.0000000203851496, -7.3342706648563194, 449.7448183221676459, -0.0000000248007119, -0.0075462752710571, 4500.0027328134, 4500.0027328134, 0.0000000017961371, -0.9334266622296149, 360.0000030587191873, -0.93439962568329, -2.596990574112e-09, 0.00089259489217179, -1.5263412300232e-14, 20930150.0001929737627506, -0.0000000055757249, 326.0649385360125621, 0.0030291025599751, 4500.0027328134, 20925650, 0.0285806198, 0.0100032169, 0.0285806198, 0, 0, 0, 0, 0, 0, -1.05569555e-10, -0, -1.05569555e-10, -1.05569555e-10, -1.05569555e-10, -3.69493444e-11, -1.05569555e-10, 0, 0, 1, 0, 249.966489, -3.890115562e-05, -7.06427029e-09, 0.9077515689
0.73333304, 0, 0, 0, 0, 0, 0, 0.573142116, -2.228059901e-09, 0, 0.0000000086935490, 0.0001255817515626, -0.0000000032637467, 0.0000000260295957, 0.0002010535607049, -0.0000000096362834, 210.3789347, 16906448.45, 449.744806455, 1591.13522742, 449.6850001222280184, -0.0000000213199992, -7.3342755871767791, 449.6850001222280184, -0.0000000213199992, -7.3342755871767791, 449.7448104180091946, -0.0000000261131673, -0.0077284235719590, 4500.0028614402, 4500.0028614402, 0.0000000019382439, -0.9334040776345238, 360.0000030586662092, -0.93440026948678, -2.7160869200668e-09, 0.00091311431003718, -1.6424757213308e-14, 20930150.0002034865319729, -0.0000000059999643, 333.5606824451742796, 0.0030987371015837, 4500.0028614402, 20925650, 0.0285806198, 0.0100032169, 0.0285806198, 0, 0, 0, 0, 0, 0, -1.1110566e-10, -0, -1.1110566e-10, -1.1110566e-10, -1.1110566e-10, -3.88869809e-11, -1.1110566e-10, 0, 0, 1, 0, 249.9664841, -3.836053962e-05, -7.227412908e-09, 0.9077515689
0.7499997, 0, 0, 0, 0, 0, 0, 0.573142116, -2.341888947e-09, 0, 0.0000000091387844, 0.0001289089594201, -0.0000000034283710, 0.0000000267143252, 0.0001996313875324, -0.0000000098775030, 210.3789262, 16906448.08, 449.744798239, 1591.13522513, 449.6849918255603598, -0.0000000222762531, -7.3342804380625193, 449.6849918255603598, -0.0000000222762531, -7.3342804380625193, 449.7448023035863116, -0.0000000274670486, -0.0079109395123327, 4500.0029931106, 4500.0029931106, 0.0000000020877203, -0.9333814373877192, 360.0000030586103890, -0.93440090462562, -2.8379100851373e-09, 0.00093363372753703, -1.7646925596803e-14, 20930150.0002143569290638, -0.0000000064464224, 341.0564262208999367, 0.0031683716431923, 4500.0029931106, 20925650, 0.0285806198, 0.0100032169, 0.0285806198, 0, 0, 0, 0, 0, 0, -1.16781921e-10, -0, -1.16781921e-10, -1.16781921e-10, -1.16781921e-10, -4.08736725e-11, -1.16781921e-10, 0, 0, 1, 0, 249.966479, -3.786123052e-05, -7.39149041e-09, 0.9077515689
0.76666636, 0, 0, 0, 0, 0, 0, 0.573142116, -2.458535936e-09, 0, 0.0000000095954837, 0.0001322122133078, -0.0000000035970268, 0.0000000274021690, 0.0001981946498678, -0.0000000101193965, 210.3789175, 16906447.71, 449.744789812, 1591.13522278, 449.6849833192935648, -0.0000000232540343, -7.3342852228225244, 449.6849833192935648, -0.0000000232540343, -7.3342852228225244, 449.7447939785884046, -0.0000000288629795, -0.0080938253916543, 4500.0031278245, 4500.0031278245, 0.0000000022447578, -0.9333587418868508, 360.0000030585518971, -0.93440153177688, -2.9624757454702e-09, 0.00095415314466173, -1.8931821710664e-14, 20930150.0002255849540234, -0.0000000069157950, 348.5521698596838291, 0.0032380061848009, 4500.0031278245, 20925650, 0.0285806198, 0.0100032169, 0.0285806198, 0, 0, 0, 0, 0, 0, -1.22598704e-10, -0, -1.22598704e-10, -1.22598704e-10, -1.22598704e-10, -4.29095465e-11, -1.22598704e-10, 0, 0, 1, 0, 249.9664737, -3.740185318e-05, -7.556513441e-09, 0.9077515689
0.78333302, 0, 0, 0, 0, 0, 0, 0.573142116, -2.578009293e-09, 0, 0.0000000100637016, 0.0001354913989528, -0.0000000037697268, 0.0000000280932914, 0.0001967510121898, -0.0000000103620573, 210.3789085, 16906447.33, 449.744781173, 1591.13522036, 449.6849746030322876, -0.0000000242534667, -7.3342899465807605, 449.6849746030322876, -0.0000000242534667, -7.3342899465807605, 449.7447854427039715, -0.0000000303015867, -0.0082770832981645, 4500.0032655895, 4500.0032655895, 0.0000000024095493, -0.9333359915325007, 360.0000030584905062, -0.93440215159407, -3.0897997071432e-09, 0.00097467256140166, -2.0281378338218e-14, 20930150.0002371817827225, -0.0000000074087881, 356.0479133580150801, 0.0033076407264096, 4500.0032655895, 20925650, 0.0285806198, 0.0100032169, 0.0285806198, 0, 0, 0, 0, 0, 0, -1.28556428e-10, -0, -1.28556428e-10, -1.28556428e-10, -1.28556428e-10, -4.49947499e-11, -1.28556428e-10, 0, 0, 1, 0, 249.9664684, -3.698095684e-05, -7.722486984e-09, 0.9077515689
0.79999968, 0, 0, 0, 0, 0, 0, 0.573142116, -2.700318482e-09, 0, 0.0000000105434950, 0.0001387465182684, -0.0000000039464853, 0.0000000287878344, 0.0001953074462149, -0.0000000106055702, 210.3788993, 16906446.94, 449.744772324, 1591.13521789, 449.6849656763835696, -0.0000000252746748, -7.3342946142671721, 449.6849656763835696, -0.0000000252746748, -7.3342946142671721, 449.7447766956204305, -0.0000000317834987, -0.0084607151155334, 4500.0034064166, 4500.0034064166, 0.0000000025822880, -0.9333131867261504, 360.0000030584262163, -0.93440276470599, -3.2198978143178e-09, 0.00099519197774718, -2.1697556899424e-14, 20930150.0002491511404514, -0.0000000079261181, 363.5436567123776967, 0.0033772752680182, 4500.0034064166, 20925650, 0.0285806198, 0.0100032169, 0.0285806198, 0, 0, 0, 0, 0, 0, -1.34655566e-10, -0, -1.34655566e-10, -1.34655566e-10, -1.34655566e-10, -4.7129448e-11, -1.34655566e-10, 0, 0, 1, 0, 249.9664629, -3.659702683e-05, -7.889410666e-09, 0.9077515689
0.81666634, 0, 0, 0, 0, 0, 0, 0.573142116, -2.825473908e-09, 0, 0.0000000110349230, 0.0001419776781182, -0.0000000041273178, 0.0000000294859173, 0.0001938702510427, -0.0000000108500113, 210.37889, 16906446.54, 449.744763263, 1591.13521536, 449.6849565389569534, -0.0000000263177826, -7.3342992306101618, 449.6849565389569534, -0.0000000263177826, -7.3342992306101618, 449.7447677370242900, -0.0000000333093461, -0.0086447225297448, 4500.0035503022, 4500.0035503022, 0.0000000027631687, -0.9332903278683410, 360.0000030583589137, -0.93440337171575, -3.3527858625713e-09, 0.0010157113936887, -2.3182347539861e-14, 20930150.0002615004777908, -0.0000000084685122, 371.0393999192503998, 0.0034469098096268, 4500.0035503022, 20925650, 0.0285806198, 0.0100032169, 0.0285806198, 0, 0, 0, 0, 0, 0, -1.40896635e-10, -0, -1.40896635e-10, -1.40896635e-10, -1.40896635e-10, -4.93138222e-11, -1.40896635e-10, 0, 0, 1, 0, 249.9664572, -3.624849892e-05, -8.057279067e-09, 0.9077515689
0.833333, 0, 0, 0, 0, 0, 0, 0.573142116, -2.953486813e-09, 0, 0.0000000115380463, 0.0001451850798093, -0.0000000043122408, 0.0000000301876370, 0.0001924450960145, -0.0000000110954482, 210.3788804, 16906446.13, 449.74475399, 1591.13521277, 449.6849471903648805, -0.0000000273829131, -7.3343038001312042, 449.6849471903648805, -0.0000000273829131, -7.3343038001312042, 449.7447585666015470, -0.0000000348797604, -0.0088291070363402, 4500.0036972575, 4500.0036972575, 0.0000000029523868, -0.9332674153570137, 360.0000030582885984, -0.93440397320008, -3.4884795174569e-09, 0.0010362308092164, -2.4737769196477e-14, 20930150.0002742335200310, -0.0000000090367078, 378.5351429751066803, 0.0035165443512354, 4500.0036972575, 20925650, 0.0285806198, 0.0100032169, 0.0285806198, 0, 0, 0, 0, 0, 0, -1.47280197e-10, -0, -1.47280197e-10, -1.47280197e-10, -1.47280197e-10, -5.15480689e-11, -1.47280197e-10, 0, 0, 1, 0, 249.9664515, -3.593377466e-05, -8.226082046e-09, 0.9077515689
0.84999966, 0, 0, 0, 0, 0, 0, 0.573142116, -3.084369177e-09, 0, 0.0000000120529266, 0.0001483690089569, -0.0000000045012719, 0.0000000308930682, 0.0001910370409960, -0.0000000113419398, 210.3788706, 16906445.71, 449.744744505, 1591.13521012, 449.6849376302229189, -0.0000000284701875, -7.3343083271408309, 449.6849376302229189, -0.0000000284701875, -7.3343083271408309, 449.7447491840377438, -0.0000000364953740, -0.0090138699482010, 4500.0038472898, 4500.0038472898, 0.0000000031501388, -0.9332444495860202, 360.0000030582151567, -0.93440456970887, -3.6269942384601e-09, 0.0010567502243208, -2.6365869641146e-14, 20930150.0002873577177525, -0.0000000096314529, 386.0308858764147999, 0.003586178892844, 4500.0038472898, 20925650, 0.0285806198, 0.0100032169, 0.0285806198, 0, 0, 0, 0, 0, 0, -1.53806849e-10, -0, -1.53806849e-10, -1.53806849e-10, -1.53806849e-10, -5.3832397e-11, -1.53806849e-10, 0, 0, 1, 0, 249.9664456, -3.565122928e-05, -8.395805057e-09, 0.9077515689
0.86666632, 0, 0, 0, 0, 0, 0, 0.573142116, -3.218133617e-09, 0, 0.0000000125796269, 0.0001515298259228, -0.0000000046944296, 0.0000000316022643, 0.0001896505727427, -0.0000000115895362, 210.3788605, 16906445.29, 449.744734808, 1591.1352074, 449.6849278581499334, -0.0000000295797250, -7.3343128157361184, 449.6849278581499334, -0.0000000295797250, -7.3343128157361184, 449.7447395890181383, -0.0000000381568195, -0.0091990124032089, 4500.0040004104, 4500.0040004104, 0.0000000033566224, -0.9332214309438001, 360.0000030581385317, -0.9344051617648, -3.7683452083549e-09, 0.0010772696389921, -2.8068725503144e-14, 20930150.0003008842468262, -0.0000000102535062, 393.5266286196378474, 0.0036558134344527, 4500.0040004104, 20925650, 0.0285806198, 0.0100032169, 0.0285806198, 0, 0, 0, 0, 0, 0, -1.6047722e-10, -0, -1.6047722e-10, -1.6047722e-10, -1.6047722e-10, -5.61670269e-11, -1.6047722e-10, 0, 0, 1, 0, 249.9664396, -3.539922498e-05, -8.566429479e-09, 0.9077515689
0.88333298, 0, 0, 0, 0, 0, 0, 0.573142116, -3.354793283e-09, 0, 0.0000000131182103, 0.0001546679567641, -0.0000000048917329, 0.0000000323152575, 0.0001882896343843, -0.0000000118382790, 210.3788503, 16906444.85, 449.744724897, 1591.13520463, 449.6849178737681427, -0.0000000307116422, -7.3343172697995715, 449.6849178737681427, -0.0000000307116422, -7.3343172697995715, 449.7447297812278748, -0.0000000398647293, -0.0093845353722797, 4500.0041566156, 4500.0041566156, 0.0000000035720361, -0.9331983598122117, 360.0000030580586099, -0.93440574986318, -3.9125472679424e-09, 0.0010977890532207, -2.9848442271635e-14, 20930150.0003148131072521, -0.0000000109036368, 401.0223712012336819, 0.0037254479760613, 4500.0041566156, 20925650, 0.0285806198, 0.0100032169, 0.0285806198, 0, 0, 0, 0, 0, 0, -1.67291966e-10, -0, -1.67291966e-10, -1.67291966e-10, -1.67291966e-10, -5.8552188e-11, -1.67291966e-10, 0, 0, 1, 0, 249.9664335, -3.517611983e-05, -8.737932938e-09, 0.9077515689
0.89999964, 0, 0, 0, 0, 0, 0, 0.573142116, -3.494361763e-09, 0, 0.0000000136687405, 0.0001577838847060, -0.0000000050932016, 0.0000000330320601, 0.0001869576593629, -0.0000000120882016, 210.3788398, 16906444.4, 449.744714774, 1591.1352018, 449.6849076767035740, -0.0000000318660524, -7.3343216929992865, 449.6849076767035740, -0.0000000318660524, -7.3343216929992865, 449.7447197603523250, -0.0000000416197354, -0.0095704396674394, 4500.0043159127, 4500.0043159127, 0.0000000037965797, -0.9331752365655096, 360.0000030579753911, -0.93440633447206, -4.059614856167e-09, 0.0011183084669967, -3.1707154279277e-14, 20930150.0003291517496109, -0.0000000115826243, 408.5181136176548762, 0.0037950825176699, 4500.0043159127, 20925650, 0.0285806198, 0.0100032169, 0.0285806198, 0, 0, 0, 0, 0, 0, -1.74251764e-10, -0, -1.74251764e-10, -1.74251764e-10, -1.74251764e-10, -6.09881175e-11, -1.74251764e-10, 0, 0, 1, 0, 249.9664272, -3.498027904e-05, -8.910289625e-09, 0.9077515689
0.9166663, 0, 0, 0, 0, 0, 0, 0.573142116, -3.636852985e-09, 0, 0.0000000142312807, 0.0001608781421709, -0.0000000052988558, 0.0000000337526649, 0.0001856576004692, -0.0000000123393292, 210.3788291, 16906443.95, 449.744704437, 1591.13519891, 449.6848972665858923, -0.0000000330430653, -7.3343260887902533, 449.6848972665858923, -0.0000000330430653, -7.3343260887902533, 449.7447095260766901, -0.0000000434224686, -0.0097567259501252, 4500.004478313, 4500.004478313, 0.0000000040304540, -0.9331520615694607, 360.0000030578888754, -0.93440691603227, -4.2095619555529e-09, 0.0011388278803106, -3.3647024668079e-14, 20930150.0003439076244831, -0.0000000122912590, 416.0138558653486598, 0.0038647170592785, 4500.004478313, 20925650, 0.0285806198, 0.0100032169, 0.0285806198, 0, 0, 0, 0, 0, 0, -1.8135731e-10, -0, -1.8135731e-10, -1.8135731e-10, -1.8135731e-10, -6.34750585e-11, -1.8135731e-10, 0, 0, 1, 0, 249.9664208, -3.481007973e-05, -9.083470617e-09, 0.9077515689
0.93333296, 0, 0, 0, 0, 0, 0, 0.573142116, -3.782281125e-09, 0, 0.0000000148058940, 0.0001639513032503, -0.0000000055087157, 0.0000000344770462, 0.0001843919597179, -0.0000000125916791, 210.3788182, 16906443.48, 449.744693886, 1591.13519596, 449.6848866430484577, -0.0000000342427867, -7.3343304604164503, 449.6848866430484577, -0.0000000342427867, -7.3343304604164503, 449.7446990780869669, -0.0000000452735587, -0.0099433947392669, 4500.004643824, 4500.0046438277, 0.0000000042738608, -0.9331288351805882, 360.0000030577987786, -0.93440749495782, -4.3624020428707e-09, 0.0011593472931524, -3.5670245338601e-14, 20930150.0003590881824493, -0.0000000130303416, 423.5095979407572031, 0.0039343516008872, 4500.0046438277, 20925650, 0.0285806198, 0.0100032169, 0.0285806198, 0, 0, 0, 0, 0, 0, -1.88609309e-10, -0, -1.88609309e-10, -1.88609309e-10, -1.88609309e-10, -6.60132583e-11, -1.88609309e-10, 0, 0, 1, 0, 249.9664143, -3.466391906e-05, -9.257444186e-09, 0.9077515689
0.94999962, 0, 0, 0, 0, 0, 0, 0.573142116, -3.930660517e-09, 0, 0.0000000153926426, 0.0001670039766359, -0.0000000057228020, 0.0000000352051610, 0.0001831628154486, -0.0000000128452611, 210.3788071, 16906443.01, 449.744683121, 1591.13519294, 449.6848758057287228, -0.0000000354653181, -7.3343348109139024, 449.6848758057287228, -0.0000000354653181, -7.3343348109139024, 449.7446884160692662, -0.0000000471736337, -0.0101304464193213, 4500.0048124529, 4500.0048124567, 0.0000000045270030, -0.9331055577455369, 360.0000030577052144, -0.93440807163617, -4.5181480448605e-09, 0.0011798667055125, -3.7779036883632e-14, 20930150.0003747008740902, -0.0000000138006832, 431.0053398403174469, 0.0040039861424958, 4500.0048124567, 20925650, 0.0285806198, 0.0100032169, 0.0285806198, 0, 0, 0, 0, 0, 0, -1.96008478e-10, -0, -1.96008478e-10, -1.96008478e-10, -1.96008478e-10, -6.86029672e-11, -1.96008478e-10, 0, 0, 1, 0, 249.9664076, -3.454022168e-05, -9.432176093e-09, 0.9077515689
0.96666628, 0, 0, 0, 0, 0, 0, 0.573142116, -4.082005567e-09, 0, 0.0000000159915877, 0.0001700367991796, -0.0000000059411353, 0.0000000359369499, 0.0001819718576750, -0.0000000131000778, 210.3787957, 16906442.52, 449.744672142, 1591.13518987, 449.6848647542679487, -0.0000000367107563, -7.3343391431147316, 449.6848647542679487, -0.0000000367107563, -7.3343391431147316, 449.7446775397100964, -0.0000000491233196, -0.0103178812483780, 4500.0049841963, 4500.0049841963, 0.0000000047900844, -0.9330822296005514, 360.0000030576080121, -0.93440864642882, -4.6768122988973e-09, 0.0012003861173812, -3.9975648507397e-14, 20930150.0003907456994057, -0.0000000146031055, 438.5010815604609320, 0.0040736206841044, 4500.0049841963, 20925650, 0.0285806198, 0.0100032169, 0.0285806198, 0, 0, 0, 0, 0, 0, -2.03555533e-10, -0, -2.03555533e-10, -2.03555533e-10, -2.03555533e-10, -7.12444366e-11, -2.03555533e-10, 0, 0, 1, 0, 249.9664008, -3.443744489e-05, -9.607629888e-09, 0.9077515689
0.98333294, 0, 0, 0, 0, 0, 0, 0.573142116, -4.236330669e-09, 0, 0.0000000166027894, 0.0001730504298536, -0.0000000061637360, 0.0000000366723380, 0.0001808204171626, -0.0000000133561250, 210.3787841, 16906442.03, 449.744660948, 1591.13518673, 449.6848534883113189, -0.0000000379791932, -7.3343434596517687, 449.6848534883113189, -0.0000000379791932, -7.3343434596517687, 449.7446664486970462, -0.0000000511232405, -0.0105056993661599, 4500.0051590689, 4500.0051590689, 0.0000000050633101, -0.9330588510710610, 360.0000030575071150, -0.93440921967189, -4.8384065184777e-09, 0.0012209055287485, -4.2262357931379e-14, 20930150.0004072338342667, -0.0000000154384405, 445.9968230976141967, 0.004143255225713, 4500.0051590689, 20925650, 0.0285806198, 0.0100032169, 0.0285806198, 0, 0, 0, 0, 0, 0, -2.11251194e-10, -0, -2.11251194e-10, -2.11251194e-10, -2.11251194e-10, -7.39379177e-11, -2.11251194e-10, 0, 0, 1, 0, 249.9663939, -3.435408499e-05, -9.783767191e-09, 0.9077515689
0.9999996, 0, 0, 0, 0, 0, 0, 0.573142116, -4.393650129e-09, 0, 0.0000000172263062, 0.0001760455440936, -0.0000000063906245, 0.0000000374112364, 0.0001797094827387, -0.0000000136133919, 210.3787723, 16906441.53, 449.744649538, 1591.13518354, 449.6848420075080526, -0.0000000392707157, -7.3343477629636640, 449.6848420075080526, -0.0000000392707157, -7.3343477629636640, 449.7446551427179884, -0.0000000531740179, -0.0106939008018614, 4500.0053370707, 4500.0053370707, 0.0000000053468860, -0.9330354224713573, 360.0000030574025232, -0.93440979167673, -5.0029417633343e-09, 0.0012414249396047, -4.464147128779e-14, 20930150.0004241690039635, -0.0000000163075307, 453.4925644481984364, 0.0042128897673216, 4500.0053370707, 20925650, 0.0285806198, 0.0100032169, 0.0285806198, 0, 0, 0, 0, 0, 0, -2.19096172e-10, -0, -2.19096172e-10, -2.19096172e-10, -2.19096172e-10, -7.66836603e-11, -2.19096172e-10, 0, 0, 1, 0, 249.9663868, -3.428867776e-05, -9.960547964e-09, 0.9077515689
