Time, P (deg/s), Q (deg/s), R (deg/s), P dot (deg/s^2), Q dot (deg/s^2), R dot (deg/s^2), q bar (psf), Reynolds Number, V_{Total} (ft/s), V_{Inertial} (ft/s), UBody, VBody, WBody, Aero V_{X Body} (ft/s), Aero V_{Y Body} (ft/s), Aero V_{Z Body} (ft/s), V_{North} (ft/s), V_{East} (ft/s), V_{Down} (ft/s), F_{Drag} (lbs), F_{Side} (lbs), F_{Lift} (lbs), L/D, F_{Aero x} (lbs), F_{Aero y} (lbs), F_{Aero z} (lbs), F_{Prop x} (lbs), F_{Prop y} (lbs), F_{Prop z} (lbs), F_{Gear x} (lbs), F_{Gear y} (lbs), F_{Gear z} (lbs), F_{Ext x} (lbs), F_{Ext y} (lbs), F_{Ext z} (lbs), F_{Buoyant x} (lbs), F_{Buoyant y} (lbs), F_{Buoyant z} (lbs), F_{Total x} (lbs), F_{Total y} (lbs), F_{Total z} (lbs), L_{Aero} (ft-lbs), M_{Aero} ( ft-lbs), N_{Aero} (ft-lbs), L_{Prop} (ft-lbs), M_{Prop} (ft-lbs), N_{Prop} (ft-lbs), L_{Gear} (ft-lbs), M_{Gear} (ft-lbs), N_{Gear} (ft-lbs), L_{ext} (ft-lbs), M_{ext} (ft-lbs), N_{ext} (ft-lbs), L_{Buoyant} (ft-lbs), M_{Buoyant} (ft-lbs), N_{Buoyant} (ft-lbs), L_{Total} (ft-lbs), M_{Total} (ft-lbs), N_{Total} (ft-lbs), Altitude ASL (ft), Altitude AGL (ft), Phi (deg), Theta (deg), Psi (deg), Alpha (deg), Beta (deg), Latitude (deg), Longitude (deg), ECEF X (ft), ECEF Y (ft), ECEF Z (ft), EPA (deg), Distance AGL (ft), Terrain Radius (ft), WOW
0.0833333, -0.0000000891480504, 0.0990218430959885, 0.0000001468682536, -0.0000026337360952, 0.7137654623185749, 0.0000060848480772, 135.1692287, 28581664.43, 368.795200363, 1570.26876653, 368.7898470253974779, 0.0000108841009716, 1.9870938110044016, 368.7898470253974779, 0.0000108841009716, 1.9870938110044016, 368.7356683441690279, 0.0000088403033724, 1.7819452921424666, -11125.85257 , -0.006093610977 , -49146.36572, 4.417312327, -10884.67279 , -0.006360280082 , -49200.34306, 39465.49114 , 0 , 0, 0 , 0 , 0, 0 , 0 , 0, 0 , 0 , 0, 28580.8183461746739340, -0.0063602800815988, -49200.3430585406822502, -0.04643588133 , 4658.94785 , 0.6072150098, 0 , 30438.77914 , 0, 0 , 0 , 0, 0 , 0 , 0, 0 , 0 , 0, -0.0464358813347816, 35097.7269946172964410, 0.6072150098193643, 5999.9251236171, 5999.9251236171, -0.0000000017525538, 0.0049472985363901, 0.0000000012556503, 0.30871508254034, 1.6909467752152e-06, 9.2447714976954e-05, 6.1145287673252e-13, 20931649.9250963702797890, 0.0000002233797596, 33.7735729625176901, 0.00038298997884742, 5999.9251236171, 20925650, 0
0.18333326, -0.0000009047761770, 0.0955976503828451, 0.0000026241933090, -0.0000130705145977, -0.5531097469681751, 0.0000419022937921, 135.6606691, 28633647.61, 369.463529627, 1570.42566003, 369.4411048889554081, 0.0000508027562378, 4.0705949036276454, 369.4411048889554081, 0.0000508027562378, 4.0705949036276454, 369.3878528307986926, 0.0000470114340001, 3.8051698915159693, -11437.70005 , -0.03208421055 , -54715.20717, 4.78375958, -10859.09769 , -0.03352241494 , -54832.97252, 39463.35127 , 0 , 0, 0 , 0 , 0, 0 , 0 , 0, 0 , 0 , 0, 28604.2535803675236821, -0.0335224149438739, -54832.9725203208581661, -0.2297200048 , -57634.95346 , 2.922360022, 0 , 30437.0917 , 0, 0 , 0 , 0, 0 , 0 , 0, 0 , 0 , 0, -0.2297200047520068, -27197.8617511904485582, 2.9223600220965862, 5999.6447604448, 5999.6447604448, -0.0000000419175197, 0.0158646242572677, 0.0000001068897688, 0.63127375261669, 7.8784056107812e-06, 0.00019347019771105, 7.5926172982756e-12, 20931649.6446411125361919, 0.0000027737820337, 70.6797323499655192, 0.00080079722849916, 5999.6447604448, 20925650, 0
0.28333322, -0.0000031076643914, -0.0273118894684627, 0.0000100016427727, -0.0000290240612241, -1.6908837512679420, 0.0000987446313581, 136.1610242, 28686530.64, 370.14164483, 1570.58515575, 370.0930987753202999, 0.0001156912709916, 5.9946206271525853, 370.0930987753202999, 0.0001156912709916, 5.9946206271525853, 370.0407326192479331, 0.0001134139181501, 5.7095544102390461, -11731.30702 , -0.07574936853 , -59910.38405, 5.106880587, -10784.12602 , -0.07921928431 , -60088.10454, 39461.40253 , 0 , 0, 0 , 0 , 0, 0 , 0 , 0, 0 , 0 , 0, 28677.2765079071250511, -0.0792192843146965, -60088.1045414601758239, -0.5098064007 , -113580.7509 , 6.307653824, 0 , 30435.54963 , 0, 0 , 0 , 0, 0 , 0 , 0, 0 , 0 , 0, -0.5098064006824667, -83145.2012387767608743, 6.3076538242036690, 5999.1680805385, 5999.1680805385, -0.0000002282759213, 0.0203512223753871, 0.0000006879261739, 0.92797307744986, 1.7908337803209e-05, 0.00029467127381845, 2.8932586877312e-11, 20931649.1678037159144878, 0.0000105698318102, 107.6511345766113408, 0.0012186044781509, 5999.1680805385, 20925650, 0
0.38333318, -0.0000070983597227, -0.2544622658490691, 0.0000237586191303, -0.0000479254622211, -2.6594107747931028, 0.0001661131915799, 136.6695929, 28740232.29, 370.828593544, 1570.74705402, 370.7487188271016407, 0.0001998348763935, 7.6963158842038863, 370.7487188271016407, 0.0001998348763935, 7.6963158842038863, 370.6951021514429954, 0.0002060772959431, 7.5047580056375507, -12047.03681 , -0.13327764 , -64564.4484, 5.359363421, -10727.31698 , -0.1395238052 , -64796.78822, 39459.63487 , 0 , 0, 0 , 0 , 0, 0 , 0 , 0, 0 , 0 , 0, 28732.3178840624459554, -0.1395238051763510, -64796.7882226419169456, -0.8425753611 , -161204.3636 , 10.12452436, 0 , 30434.14519 , 0, 0 , 0 , 0, 0 , 0 , 0, 0 , 0 , 0, -0.8425753611452980, -130770.2184392947528977, 10.1245243628574801, 5998.5065166242, 5998.5065166242, -0.0000007217493746, 0.0071856594211565, 0.0000023174432438, 1.1892235194584, 3.0875976970194e-05, 0.00039605126786325, 7.2085525487143e-11, 20931648.5060165524482727, 0.0000263347297457, 144.6878972484159078, 0.0016364117278026, 5998.5065166242, 20925650, 0
0.48333314, -0.0000130328136921, -0.5673179642726885, 0.0000444104464532, -0.0000674376624999, -3.4352678895036393, 0.0002350502983271, 137.1853249, 28794635.46, 371.522950954, 1570.91101037, 371.4108306722893644, 0.0002970468075048, 9.1267707616132192, 371.4108306722893644, 0.0002970468075048, 9.1267707616132192, 371.3507622332969618, 0.0003232370202886, 9.2038968682235982, -12346.11283 , -0.2004621988 , -68544.1079, 5.551877652, -10678.2794 , -0.2100540909 , -68823.65567, 39458.04176 , 0 , 0, 0 , 0 , 0, 0 , 0 , 0, 0 , 0 , 0, 28779.7623636657372117, -0.2100540909328351, -68823.6556662130024051, -1.188680734 , -199354.0203 , 13.84182544, 0 , 30432.87334 , 0, 0 , 0 , 0, 0 , 0 , 0, 0 , 0 , 0, -1.1886807338598504, -168921.1469799598271493, 13.8418254358504988, 5997.6703568622, 5997.6703568622, -0.0000017122841477, -0.0331466298213821, 0.0000056673900568, 1.4076601686888, 4.5810167282567e-05, 0.00049761055075683, 1.4399284722432e-10, 20931647.6695674434304237, 0.0000526043548938, 181.7901549706313915, 0.0020542189774544, 5997.6703568622, 20925650, 0
0.5833331, -0.0000208549396688, -0.9457938249966272, 0.0000716870987973, -0.0000856196833349, -4.0042914451918286, 0.0002985251291524, 137.7083719, 28849750.17, 372.224919884, 1571.07706039, 372.0837138841457090, 0.0004012979055643, 10.2518703134729847, 372.0837138841457090, 0.0004012979055643, 10.2518703134729847, 372.0087176617544742, 0.0004633952817660, 10.8228343042007289, -12593.32194 , -0.2731421745 , -71753.72801, 5.69776016, -10627.77406 , -0.2864228262 , -72071.07366, 39456.61244 , 0 , 0, 0 , 0 , 0, 0 , 0 , 0, 0 , 0 , 0, 28828.8383741600482608, -0.2864228262201494, -72071.0736625528516015, -1.515945829 , -227333.2495 , 17.05615958, 0 , 30431.72577 , 0, 0 , 0 , 0, 0 , 0 , 0, 0 , 0 , 0, -1.5159458288064815, -196901.5237110658199526, 17.0561595768572616, 5996.66843367, 5996.6684336737, -0.0000033983012904, -0.1082246287453542, 0.0000114214158953, 1.5782478888164, 6.1770922051174e-05, 0.00059934959902422, 2.5114830081801e-10, 20931646.6672884523868561, 0.0000917510415918, 218.9580809863050490, 0.0024720262271061, 5996.6684336737, 20925650, 0
0.68333306, -0.0000303439598001, -1.3687050073673042, 0.0001047350001707, -0.0001010447342336, -4.3592480684193067, 0.0003515621717329, 138.2391991, 28905619.54, 372.935114746, 1571.24535339, 372.7713036979272374, 0.0005072093134542, 11.0523730439364467, 372.7713036979272374, 0.0005072093134542, 11.0523730439364467, 372.6700481353676082, 0.0006253616938449, 12.3792956253997701, -12784.77907 , -0.3475546162 , -74135.71909, 5.798748549, -10592.52286 , -0.3646444295 , -74480.56042, 39455.33629 , 0 , 0, 0 , 0 , 0, 0 , 0 , 0, 0 , 0 , 0, 28862.8134324859602202, -0.3646444294985302, -74480.5604169488069601, -1.80082832 , -244786.3599 , 19.49868686, 0 , 30430.69431 , 0, 0 , 0 , 0, 0 , 0 , 0, 0 , 0 , 0, -1.8008283199842390, -214355.6655527469411027, 19.4986868595208449, 5995.5078927502, 5995.5078927502, -0.0000059707423515, -0.2235566654721951, 0.0000202070807517, 1.6982768429312, 7.7924958226054e-05, 0.00070126919223123, 3.9967703067187e-10, 20931645.5063249245285988, 0.0001460124624020, 256.1919592860743364, 0.0028898334767578, 5995.5078927502, 20925650, 0
0.78333302, -0.0000411689195394, -1.8146959285434749, 0.0001423218670105, -0.0001128453871896, -4.5023104815196549, 0.0003912073495218, 138.7784588, 28962306.31, 373.654386664, 1571.41609749, 373.4766497831562333, 0.0006103971073938, 11.5235732109569220, 373.4766497831562333, 0.0006103971073938, 11.5235732109569220, 373.3357016379897573, 0.0008082745610933, 13.8920093225675618, -12919.1643 , -0.4205873011 , -75670.11709, 5.857199069, -10584.42053 , -0.44140451 , -76031.8451, 39454.20394 , 0 , 0, 0 , 0 , 0, 0 , 0 , 0, 0 , 0 , 0, 28869.7834050906276389, -0.4414045100032856, -76031.8450981814385159, -2.028707875 , -251820.1837 , 21.03046232, 0 , 30429.77171 , 0, 0 , 0 , 0, 0 , 0 , 0, 0 , 0 , 0, -2.0287078753238239, -221390.4119572336785495, 21.0304623233595720, 5994.1940500923, 5994.1940500923, -0.0000096019765477, -0.3825159640930579, 0.0000325484906285, 1.7672931103909, 9.3597665720287e-05, 0.00080337038799758, 5.9542304930539e-10, 20931644.1919924989342690, 0.0002175235839668, 293.4921754630150303, 0.0033076407264096, 5994.1940500923, 20925650, 0
0.88333298, -0.0000529442518860, -2.2631443226109078, 0.0001830295027226, -0.0001206988420251, -4.4443712083458804, 0.0004163496544562, 139.3269447, 29019887.89, 374.383758466, 1571.58954481, 374.2016931131110482, 0.0007076699882268, 11.6743939477512946, 374.2016931131110482, 0.0007076699882268, 11.6743939477512946, 374.0064729582573477, 0.0010116047135249, 15.3798760905472633, -12997.59252 , -0.489931356 , -76372.70211, 5.875911405, -10609.51199 , -0.5142320662 , -76740.89714, 39453.20751 , 0 , 0, 0 , 0 , 0, 0 , 0 , 0, 0 , 0 , 0, 28843.6955205685408146, -0.5142320662202455, -76740.8971392371313414, -2.193369965 , -248970.3299 , 21.62860971, 0 , 30428.95192 , 0, 0 , 0 , 0, 0 , 0 , 0, 0 , 0 , 0, -2.1933699645894942, -218541.3779422169027384, 21.6286097135575943, 5992.730333522, 5992.730333522, -0.0000144392074646, -0.5863693956130116, 0.0000488387257192, 1.7869417205669, 0.00010830198437075, 0.0009056544828633, 8.4404011006286e-10, 20931642.7277186326682568, 0.0003083498650634, 330.8592023990266284, 0.0037254479760613, 5992.730333522, 20925650, 0
0.98333294, -0.0000652806776710, -2.6949734903045597, 0.0002254221556117, -0.0001247593284215, -4.2039689602682522, 0.0004274354082021, 139.8855426, 29078451.17, 375.124357505, 1571.76597581, 374.9472434036124469, 0.0007970914398753, 11.5259818273966239, 374.9472434036124469, 0.0007970914398753, 11.5259818273966239, 374.6829884369510069, 0.0012351437935408, 16.8611915295293109, -13023.39025 , -0.5541397475 , -76291.74999, 5.858056044, -10668.00755 , -0.5815699242 , -76656.59414, 39452.34089 , 0 , 0, 0 , 0 , 0, 0 , 0 , 0, 0 , 0 , 0, 28784.3333412952924846, -0.5815699241574651, -76656.5941355077666230, -2.295859499 , -237148.3918 , 21.36597454, 0 , 30428.2302 , 0, 0 , 0 , 0, 0 , 0 , 0, 0 , 0 , 0, -2.2958594994973769, -206720.1615954821463674, 21.3659745378986443, 5991.1183049269, 5991.1183049269, -0.0000206017255031, -0.8343923736760586, 0.0000693300716830, 1.7607336323996, 0.00012174622859135, 0.0010081229681396, 1.151081453049e-09, 20931641.1150648519396782, 0.0004205200430019, 368.2935841196215847, 0.004143255225713, 5991.1183049269, 20925650, 0
1.0833329, -0.0000778270138595, -3.0933386372344400, 0.0002681820900505, -0.0001255529884439, -3.8059101904146226, 0.0004261160752217, 140.4551833, 29138087.36, 375.87735044, 1571.94568399, 375.7131256209427761, 0.0008779261770606, 11.1098968887982252, 375.7131256209427761, 0.0008779261770606, 11.1098968887982252, 375.3656969491368045, 0.0014789793152290, 18.3529510078187599, -13001.79525 , -0.6126039262 , -75503.64744, 5.807170931, -10755.17861 , -0.6427552075 , -75856.26928, 39451.59986 , 0 , 0, 0 , 0 , 0, 0 , 0 , 0, 0 , 0 , 0, 28696.4212482731927594, -0.6427552075190744, -75856.2692814036563504, -2.342935864 , -217574.1655 , 20.38696588, 0 , 30427.6033 , 0, 0 , 0 , 0, 0 , 0 , 0, 0 , 0 , 0, -2.3429358640069746, -187146.5622075647115707, 20.3869658801649472, 5989.3577563018, 5989.357756298, -0.0000281812344415, -1.1240589362201137, 0.0000941390862144, 1.6937517746505, 0.00013382414513223, 0.0011107774824267, 1.5220844782833e-09, 20931639.3538227751851082, 0.0005560570667766, 405.7959184326664968, 0.0045610624753648, 5989.357756298, 20925650, 0
1.18333286, -0.0000903001856297, -3.4441625198260790, 0.0003102080416842, -0.0001238533561973, -3.2796852375430587, 0.0004148688482909, 141.0367975, 29198887.34, 376.64388336, 1572.12896154, 376.4984430590650391, 0.0009504961641948, 10.4660042732843639, 376.4984430590650391, 0.0009504961641948, 10.4660042732843639, 376.0548679172113680, 0.0017434590955862, 19.8702597004503616, -12939.59762 , -0.6654651205 , -74107.6433, 5.727198437, -10862.86237 , -0.6979272231 , -74440.40706, 39450.9821 , 0 , 0, 0 , 0 , 0, 0 , 0 , 0, 0 , 0 , 0, 28588.1197306400827074, -0.6979272230596330, -74440.4070582683198154, -2.345349271 , -191697.7673 , 18.88212238, 0 , 30427.06945 , 0, 0 , 0 , 0, 0 , 0 , 0, 0 , 0 , 0, -2.3453492707798036, -161270.6978480663965456, 18.8821223809490633, 5987.4468701966, 5987.4468702003, -0.0000372444870946, -1.4512930961660588, 0.0001232629691884, 1.5923133291585, 0.00014459127446549, 0.0012136197626016, 1.9626470761908e-09, 20931637.4421745762228966, 0.0007170059823912, 443.3668390103887305, 0.0049788697250165, 5987.4468702003, 20925650, 0
1.28333282, -0.0001025025480280, -3.7365060245554860, 0.0003506758956611, -0.0001205550941056, -2.6577849520338730, 0.0003966245029592, 141.6312761, 29260937.41, 377.425029702, 1572.31608668, 377.3018950106359171, 0.0010159739865786, 9.6401797778266491, 377.3018950106359171, 0.0010159739865786, 9.6401797778266491, 376.7505974359311836, 0.0020291478097431, 21.4258646247982085, -12844.74268 , -0.7134789343 , -72220.03176, 5.622536281, -10981.2502 , -0.7478832691 , -72526.77124, 39450.4872 , 0 , 0, 0 , 0 , 0, 0 , 0 , 0, 0 , 0 , 0, 28469.2370025060918124, -0.7478832691302896, -72526.7712351569789462, -2.31612571 , -161116.8577 , 17.06358859, 0 , 30426.62831 , 0, 0 , 0 , 0, 0 , 0 , 0, 0 , 0 , 0, -2.3161257101213932, -130690.2294009855104377, 17.0635885860453342, 5985.3824332543, 5985.3824332543, -0.0000478375339881, -1.8107655816470614, 0.0001566035247919, 1.4636064148406, 0.00015423201282309, 0.0013166515953473, 2.478493080886e-09, 20931635.3769065067172050, 0.0009054578444223, 481.0069976721252942, 0.0053966769746682, 5985.3824332543, 20925650, 0
1.38333278, -0.0001143272274255, -3.9627697670796027, 0.0003890639897685, -0.0001165605708194, -1.9740201730933429, 0.0003744301555899, 142.2394367, 29324315.84, 378.221747451, 1572.50731307, 378.1220889173520163, 0.0010761411716943, 8.6819419784957041, 378.1220889173520163, 0.0010761411716943, 8.6819419784957041, 377.4528233471105523, 0.0023367784484411, 23.0298189764575696, -12725.9159 , -0.7578521754 , -69968.06713, 5.498077125, -11100.63947 , -0.7939035817 , -70244.25355, 39450.11649 , 0 , 0, 0 , 0 , 0, 0 , 0 , 0, 0 , 0 , 0, 28349.4770185757079162, -0.7939035816835119, -70244.2535451503063086, -2.269003131 , -127494.0057 , 15.14322319, 0 , 30426.28092 , 0, 0 , 0 , 0, 0 , 0 , 0, 0 , 0 , 0, -2.2690031314927999, -97067.7248184628551826, 15.1432231850280541, 5983.1600898467, 5983.1600898467, -0.0000599909747097, -2.1962191756148703, 0.0001939951510153, 1.3153192167182, 0.00016302168830313, 0.0014198747715693, 3.0755250714155e-09, 20931633.1536625549197197, 0.0011235690054269, 518.7170477252182081, 0.00581448422432, 5983.1600898467, 20925650, 0
1.48333274, -0.0001257533875397, -4.1187324037015234, 0.0004251477475731, -0.0001126891953750, -1.2619345896919845, 0.0003511665847274, 142.8619977, 29389090.11, 379.034846249, 1572.70286152, 378.9577980402127082, 0.0011331366949029, 7.6421184546785543, 378.9577980402127082, 0.0011331366949029, 7.6421184546785543, 378.1613494157387549, 0.0026672013631951, 24.6892826028080954, -12592.12947 , -0.8000695309 , -67483.89629, 5.359212391, -11212.88426 , -0.8375652701 , -67726.72448, 39449.87284 , 0 , 0, 0 , 0 , 0, 0 , 0 , 0, 0 , 0 , 0, 28236.9885861677721550, -0.8375652700771337, -67726.7244839817140019, -2.217113632 , -92478.6448 , 13.31454258, 0 , 30426.02948 , 0, 0 , 0 , 0, 0 , 0 , 0, 0 , 0 , 0, -2.2171136321589056, -62052.6153157174121588, 13.3145425806787845, 5980.7746226341, 5980.7746226341, -0.0000737256791013, -2.6008059643638144, 0.0002352336895918, 1.1552785005465, 0.00017128755158959, 0.0015232910461907, 3.7598634964611e-09, 20931630.7672249861061573, 0.0013735754089235, 556.4976292738326720, 0.0062322914739717, 5980.7746226341, 20925650, 0
1.5833327, -0.0001368340160018, -4.2034394068275693, 0.0004589698372668, -0.0001096142848932, -0.5533838459681656, 0.0003293316709093, 143.499558, 29455314.93, 379.864964362, 1572.90291389, 379.8081328658403777, 0.0011892169858743, 6.5706436169646647, 379.8081328658403777, 0.0011892169858743, 6.5706436169646647, 378.8758777951314869, 0.0030213333862834, 26.4084563654126683, -12452.32798 , -0.841725251 , -64898.76767, 5.211777892, -11312.36891 , -0.8805622091 , -65107.14882, 39449.76045 , 0 , 0, 0 , 0 , 0, 0 , 0 , 0, 0 , 0 , 0, 28137.3915425876548397, -0.8805622090579137, -65107.1488187693103100, -2.1719622 , -57637.2035 , 11.73918763, 0 , 30425.87724 , 0, 0 , 0 , 0, 0 , 0 , 0, 0 , 0 , 0, -2.1719622002541716, -27211.3262601939386514, 11.7391876343969521, 5978.220246233, 5978.220246233, -0.0000890585079396, -3.0174207923151575, 0.0002801035338936, 0.99111253238631, 0.00017937193789222, 0.0016269021057266, 4.5378718081462e-09, 20931628.2118080183863640, 0.0016578017711071, 594.3493573737613360, 0.0066500987236234, 5978.220246233, 20925650, 0
1.68333266, -0.0001476813714132, -4.2186966132724049, 0.0004907926092345, -0.0001078677199114, 0.1272130583805680, 0.0003108891545983, 144.152161, 29522987.57, 380.711995487, 1573.10749561, 380.6720537963302036, 0.0012465420710072, 5.5146137098947774, 380.6720537963302036, 0.0012465420710072, 5.5146137098947774, 379.5955805275677335, 0.0034001050000052, 28.1885981688042904, -12364.4198 , -0.8843696344 , -62337.68656, 5.041699292, -11445.81168 , -0.9247029807 , -62512.87417, 39449.78623 , 0 , 0, 0 , 0 , 0, 0 , 0 , 0, 0 , 0 , 0, 28003.9745492264992208, -0.9247029806777506, -62512.8741718645687797, -2.143401169 , -24170.43309 , 10.53832745, 0 , 30425.82953 , 0, 0 , 0 , 0, 0 , 0 , 0, 0 , 0 , 0, -2.1434011686110526, 6255.3964389283137280, 10.5383274486457985, 5975.4909024164, 5975.4909024201, -0.0001060076948216, -3.4390076089350061, 0.0003284010234396, 0.8299584665384, 0.00018760007855808, 0.0017307095068174, 5.4161675923216e-09, 20931625.4813530184328556, 0.0019786656466972, 632.2727995803033991, 0.0070679059732752, 5975.4909024201, 20925650, 0
1.78333262, -0.0001584448095685, -4.1690888345099202, 0.0005210392502260, -0.0001077050388528, 0.7496894075577639, 0.0002971923715918, 144.8197082, 29592090.67, 381.575643516, 1573.3165432, 381.5489100049691729, 0.0013070045727211, 4.5167463015003797, 381.5489100049691729, 0.0013070045727211, 4.5167463015003797, 380.3194326606122786, 0.0038044161157964, 30.0282166925534604, -12285.10049 , -0.9293842101 , -59915.35322, 4.877074734, -11562.28721 , -0.9713047809 , -60059.0273, 39449.95846 , 0 , 0, 0 , 0 , 0, 0 , 0 , 0, 0 , 0 , 0, 27887.6712524700997164, -0.9713047809395342, -60059.0272950347789447, -2.137078166 , 6438.284241 , 9.788002791, 0 , 30425.89273 , 0, 0 , 0 , 0, 0 , 0 , 0, 0 , 0 , 0, -2.1370781658830400, 36864.1769681680671056, 9.7880027908661624, 5972.580548171, 5972.580548171, -0.0001245975230240, -3.8588248120194821, 0.0003799527610169, 0.678231303984, 0.00019625426237296, 0.0018347145009044, 6.4016195163014e-09, 20931622.5698165670037270, 0.0023386763135224, 670.2684119044539557, 0.0074857132229269, 5972.580548171, 20925650, 0
1.88333258, -0.0001692907393064, -4.0616940050415780, 0.0005502327674748, -0.0001092392231653, 1.2930842786705827, 0.0002889843109848, 145.5024375, 29662641.08, 382.456055299, 1573.53011995, 382.4389815313425061, 0.0013721054605590, 3.6138121354573736, 382.4389815313425061, 0.0013721054605590, 3.6138121354573736, 381.0471422866067428, 0.0042351058699771, 31.9234194925845358, -12218.79479 , -0.9778912337 , -57732.1551, 4.724864938, -11661.91705 , -1.021556138 , -57847.21575, 39450.28322 , 0 , 0, 0 , 0 , 0, 0 , 0 , 0, 0 , 0 , 0, 27788.3661707960418426, -1.0215561381311806, -57847.2157471565296873, -2.156499027 , 33158.24107 , 9.519482586, 0 , 30426.07152 , 0, 0 , 0 , 0, 0 , 0 , 0, 0 , 0 , 0, -2.1564990273127864, 63584.3125871883094078, 9.5194825862872232, 5969.4834114201, 5969.4834114201, -0.0001448614935496, -4.2707221339322086, 0.0004346283821379, 0.54139361483589, 0.00020555525665223, 0.0019389181821891, 7.5013352187205e-09, 20931619.4714261852204800, 0.0027404303480268, 708.3365928747825819, 0.0079035204725786, 5969.4834114201, 20925650, 0
1.98333254, -0.0001803871773553, -3.9053875510715295, 0.0005789355755981, -0.0001124203475725, 1.7415533329245092, 0.0002864177267572, 146.2004787, 29734644.28, 383.353234146, 1573.74825611, 383.3427473116728379, 0.0014428726769025, 2.8355266925071363, 383.3427473116728379, 0.0014428726769025, 2.8355266925071363, 381.7785230675952448, 0.0046929158079495, 33.8682036220606619, -12169.67415 , -1.030688227 , -55870.75063, 4.590981644, -11747.31537 , -1.076307075 , -55961.07867, 39450.76653 , 0 , 0, 0 , 0 , 0, 0 , 0 , 0, 0 , 0 , 0, 27703.4511551222785783, -1.0763070748539965, -55961.0786734899447765, -2.202376156 , 55210.32597 , 9.722208579, 0 , 30426.37055 , 0, 0 , 0 , 0, 0 , 0 , 0, 0 , 0 , 0, -2.2023761564508848, 85636.6965203248691978, 9.7222085793997302, 5966.1942180581, 5966.1942180581, -0.0001668444186351, -4.6693513436478682, 0.0004923476668153, 0.42380024617351, 0.00021565101869608, 0.0020433215794921, 8.7226393399806e-09, 20931616.1809073574841022, 0.0031866035988856, 746.4777171063071819, 0.0083213277222303, 5966.1942180581, 20925650, 0
2.06666584, -0.0000000000005351, 0.0000008122368763, 0.0000000000006244, -0.0000000000198421, 0.0000188468974956, 0.0000000000292328, 121.8200222, 27526076.06, 342.234943072, 1564.15014449, 339.7589188224401937, 0.0000000000671390, 41.0929840714153727, 339.7589188224401937, 0.0000000000671390, 41.0929840714153727, 342.2349442980415688, 0.0000000000499251, -0.0003112291904159, -22748.38242 , -3.342762327e-08 , -137575.8389, 6.047719628, -6064.735257 , -3.674541871e-08 , -139311.9497, 22913.6331 , 0 , 0, 0 , 0 , 0, 0 , 0 , 0, 0 , 0 , 0, 16848.8978392261524277, -0.0000000367454187, -139311.9496934210765176, -2.641769381e-07 , -17671.13063 , 3.361407762e-06, 0 , 17672.05569 , 0, 0 , 0 , 0, 0 , 0 , 0, 0 , 0 , 0, -0.0000002641769381, 0.9250663495622575, 0.0000033614077622, 4500.0000119731, 4500.0000119731, -0.0000000000000070, 6.8963428724203029, 0.0000000000000050, 6.8962832723867, 1.1240176899666e-11, 6.2457301978002e-05, 2.3468441403218e-18, 20930149.9999995380640030, 0.0000000000008573, 22.8156541196464673, 0.0086695004302734, 4500.0000119731, 20925650, 0
2.1666658, -0.0000000000087121, 0.0000044255103129, 0.0000000000147746, -0.0000000001377616, 0.0000490760134671, 0.0000000002382874, 121.8200095, 27526074.61, 342.234925538, 1564.15014075, 339.7588992617162376, 0.0000000004224950, 41.0929997737669765, 339.7588992617162376, 0.0000000004224950, 41.0929997737669765, 342.2349271966443212, 0.0000000003876127, -0.0008534058952350, -22748.38711 , -2.57578811e-07 , -137575.8686, 6.04771969, -6064.728743 , -2.83144316e-07 , -139311.9801, 22913.63316 , 0 , 0, 0 , 0 , 0, 0 , 0 , 0, 0 , 0 , 0, 16848.9044193068584718, -0.0000002831443160, -139311.9801249585580081, -1.896744225e-06 , -17669.55218 , 2.450884664e-05, 0 , 17671.96369 , 0, 0 , 0 , 0, 0 , 0 , 0, 0 , 0 , 0, -0.0000018967442250, 2.4115100338021875, 0.0000245088466355, 4500.0000747815, 4500.0000747815, -0.0000000000002911, 6.8964367938735291, 0.0000000000005876, 6.8962862754123, 7.0732647950132e-11, 0.00015614325151999, 5.6282148667498e-17, 20930149.9999970607459545, 0.0000000000205599, 57.0391340480691440, 0.0090873076799252, 4500.0000747815, 20925650, 0
2.26666576, -0.0000000000322466, 0.0000112732146435, 0.0000000000523153, -0.0000000003084925, 0.0000827030332965, 0.0000000004619859, 121.8199929, 27526072.7, 342.234902798, 1564.15013587, 339.7588754083643607, 0.0000000009326190, 41.0930076067224732, 339.7588754083643607, 0.0000000009326190, 41.0930076067224732, 342.2349048891229586, 0.0000000009094750, -0.0014060287172555, -22748.38825 , -5.948947578e-07 , -137575.8764, 6.047719727, -6064.724405 , -6.539399395e-07 , -139311.9882, 22913.63322 , 0 , 0, 0 , 0 , 0, 0 , 0 , 0, 0 , 0 , 0, 16848.9088186988192319, -0.0000006539399395, -139311.9881682163977530, -4.039096282e-06 , -17667.80664 , 5.397377875e-05, 0 , 17671.87167 , 0, 0 , 0 , 0, 0 , 0 , 0, 0 , 0 , 0, -0.0000040390962815, 4.0650370764196850, 0.0000539737787471, 4500.0001923405, 4500.0001923405, -0.0000000000018068, 6.8965312355534012, 0.0000000000037756, 6.8962880567939, 1.5613583430978e-10, 0.00024982919566783, 2.3139882572994e-16, 20930149.9999933727085590, 0.0000000000845300, 91.2626120063017652, 0.0095051149295769, 4500.0001923405, 20925650, 0
2.36666572, -0.0000000000732488, 0.0000216019384135, 0.0000000001043895, -0.0000000004793686, 0.0001181359284035, 0.0000000005312847, 121.8199724, 27526070.34, 342.234874827, 1564.15012985, 339.7588469446425847, 0.0000000014333674, 41.0930099967437599, 339.7588469446425847, 0.0000000014333674, 41.0930099967437599, 342.2348773527609183, 0.0000000014639648, -0.0019686538632300, -22748.38676 , -9.347191667e-07 , -137575.8679, 6.047719748, -6064.72147 , -1.027493003e-06 , -139311.9796, 22913.63328 , 0 , 0, 0 , 0 , 0, 0 , 0 , 0, 0 , 0 , 0, 16848.9118109518713027, -0.0000010274930025, -139311.9796433143492322, -5.733380197e-06 , -17665.9723 , 8.150457322e-05, 0 , 17671.77966 , 0, 0 , 0 , 0, 0 , 0 , 0, 0 , 0 , 0, -0.0000057333801967, 5.8073632764062495, 0.0000815045732243, 4500.0003656484, 4500.0003656484, -0.0000000000059934, 6.8966265346015732, 0.0000000000116219, 6.8962890262095, 2.3996941058417e-10, 0.00034351513299338, 5.5717989302363e-16, 20930149.9999894760549068, 0.0000000002035378, 125.4860874728300359, 0.0099229221792286, 4500.0003656484, 20925650, 0
2.46666568, -0.0000000001292620, 0.0000355025820163, 0.0000000001483992, -0.0000000006097159, 0.0001538506316117, 0.0000000003307350, 121.8199479, 27526067.51, 342.234841584, 1564.15012267, 339.7588135383049917, 0.0000000017776007, 41.0930093428108663, 339.7588135383049917, 0.0000000017776007, 41.0930093428108663, 342.2348445472279650, 0.0000000019070742, -0.0025409635629714, -22748.38356 , -1.177405955e-06 , -137575.8487, 6.047719759, -6064.719169 , -1.294267229e-06 , -139311.9603, 22913.63333 , 0 , 0, 0 , 0 , 0, 0 , 0 , 0, 0 , 0 , 0, 16848.9141647187243507, -0.0000012942672291, -139311.9603134614590090, -6.252966021e-06 , -17664.12409 , 9.992969929e-05, 0 , 17671.68764 , 0, 0 , 0 , 0, 0 , 0 , 0, 0 , 0 , 0, -0.0000062529660211, 7.5635463054459251, 0.0000999296992901, 4500.0005957112, 4500.0005957112, -0.0000000000144583, 6.8967230449716022, 0.0000000000245488, 6.8962895890609, 2.9759978978952e-10, 0.00043720106205992, 1.0226964290216e-15, 20930149.9999863728880882, 0.0000000003735910, 159.7095599230005689, 0.01034072942888, 4500.0005957112, 20925650, 0
2.56666564, -0.0000000001944423, 0.0000529201595194, 0.0000000001530528, -0.0000000006704021, 0.0001884414121283, -0.0000000002071946, 121.8199194, 27526064.22, 342.234803008, 1564.15011433, 339.7587748524907170, 0.0000000018401987, 41.0930079299645428, 339.7587748524907170, 0.0000000018401987, 41.0930079299645428, 342.2348064139482062, 0.0000000021004489, -0.0031227631494843, -22748.37948 , -1.237854236e-06 , -137575.8243, 6.04771977, -6064.716765 , -1.360715201e-06 , -139311.9357, 22913.63338 , 0 , 0, 0 , 0 , 0, 0 , 0 , 0, 0 , 0 , 0, 16848.9166159879496263, -0.0000013607152009, -139311.9356745201803278, -5.093152375e-06 , -17662.33115 , 0.000104814982, 0 , 17671.59562 , 0, 0 , 0 , 0, 0 , 0 , 0, 0 , 0 , 0, -0.0000050931523749, 9.2644627728332125, 0.0001048149819948, 4500.0008834861, 4500.0008834898, -0.0000000000287149, 6.8968211223073412, 0.0000000000402234, 6.8962901319058, 3.0807977418354e-10, 0.00053088698141715, 1.5784148908181e-15, 20930149.9999850206077099, 0.0000000005765950, 193.9330288272212499, 0.010758536678532, 4500.0008834898, 20925650, 0
2.6666656, -0.0000000002606504, 0.0000736681417124, 0.0000000000827291, -0.0000000006426849, 0.0002206625988698, -0.0000000011096433, 121.8198868, 27526060.45, 342.234759022, 1564.1501048, 339.7587305549862435, 0.0000000015201859, 41.0930078544178699, 339.7587305549862435, 0.0000000015201859, 41.0930078544178699, 342.2347628762416889, 0.0000000019094853, -0.0037139737854588, -22748.37534 , -1.047079479e-06 , -137575.7997, 6.047719786, -6064.713579 , -1.151005451e-06 , -139311.9108, 22913.63342 , 0 , 0, 0 , 0 , 0, 0 , 0 , 0, 0 , 0 , 0, 16848.9198439005667751, -0.0000011510054514, -139311.9107721964246593, -1.948970249e-06 , -17660.65473 , 9.401287344e-05, 0 , 17671.50359 , 0, 0 , 0 , 0, 0 , 0 , 0, 0 , 0 , 0, -0.0000019489702490, 10.8488598647709296, 0.0000940128734403, 4500.0012299083, 4500.0012299083, -0.0000000000499772, 6.8969211100361179, 0.0000000000529083, 6.8962910098241, 2.5450436113389e-10, 0.00062457288959626, 2.1374835419978e-15, 20930149.9999863579869270, 0.0000000007808228, 228.1564936491375590, 0.011176343928184, 4500.0012299083, 20925650, 0
2.76666556, -0.0000000003184002, 0.0000974464248421, -0.0000000000989726, -0.0000000005166155, 0.0002494608483155, -0.0000000023718220, 121.8198501, 27526056.2, 342.23470953, 1564.15009408, 339.7586803265766093, 0.0000000007405172, 41.0930109620124711, 339.7586803265766093, 0.0000000007405172, 41.0930109620124711, 342.2347138401688085, 0.0000000012015048, -0.0043146214741796, -22748.37183 , -5.521856506e-07 , -137575.7791, 6.047719816, -6064.709009 , -6.069918426e-07 , -139311.8901, 22913.63346 , 0 , 0, 0 , 0 , 0, 0 , 0 , 0, 0 , 0 , 0, 16848.9244506827744772, -0.0000006069918426, -139311.8900515650457237, 3.31525964e-06 , -17659.14661 , 6.716002013e-05, 0 , 17671.41155 , 0, 0 , 0 , 0, 0 , 0 , 0, 0 , 0 , 0, 0.0000033152596398, 12.2649420325578831, 0.0000671600201260, 4500.0016359203, 4500.0016359203, -0.0000000000790094, 6.8970233270856953, 0.0000000000532116, 6.8962925360219, 1.2397488399688e-10, 0.00071825878510506, 2.5765065905108e-15, 20930149.9999913237988949, 0.0000000009411979, 262.3799538438589138, 0.011594151177836, 4500.0016359203, 20925650, 0
2.86666552, -0.0000000003576333, 0.0001238619540481, -0.0000000004265445, -0.0000000002892272, 0.0002739975853269, -0.0000000039656376, 121.8198092, 27526051.45, 342.234654422, 1564.15008212, 339.7586238682529824, -0.0000000005538852, 41.0930188011519206, 339.7586238682529824, -0.0000000005538852, 41.0930188011519206, 342.2346591959880016, -0.0000000001559140, -0.0049248230740702, -22748.36952 , 2.848681333e-07 , -137575.7662, 6.047719862, -6064.702545 , 3.131420908e-07 , -139311.8772, 22913.63349 , 0 , 0, 0 , 0 , 0, 0 , 0 , 0, 0 , 0 , 0, 16848.9309460708791448, 0.0000003131420908, -139311.8772413909609895, 1.070047915e-05 , -17657.84804 , 2.5170781e-05, 0 , 17671.31952 , 0, 0 , 0 , 0, 0 , 0 , 0, 0 , 0 , 0, 0.0000107004791540, 13.4714744593657088, 0.0000251707809979, 4500.0021024793, 4500.0021024793, -0.0000000001160238, 6.8971280575393532, 0.0000000000281512, 6.8962949738631, -9.272960722927e-11, 0.00081194466642343, 2.7358385606161e-15, 20930150.0000008791685104, 0.0000000009994019, 296.6034088563012006, 0.012011958427487, 4500.0021024793, 20925650, 0
2.96666548, -0.0000000003683099, 0.0001524510169085, -0.0000000009307221, 0.0000000000372961, 0.0002936616115866, -0.0000000058478567, 121.819764, 27526046.2, 342.234593572, 1564.15006891, 339.7585609071073236, -0.0000000023992607, 41.0930325907078711, 339.7585609071073236, -0.0000000023992607, 41.0930325907078711, 342.2345988201168439, -0.0000000022963824, -0.0055447700939268, -22748.36889 , 1.489300668e-06 , -137575.7639, 6.047719931, -6064.69378 , 1.637119175e-06 , -139311.8753, 22913.63352 , 0 , 0, 0 , 0 , 0, 0 , 0 , 0, 0 , 0 , 0, 16848.9397365288241417, 0.0000016371191749, -139311.8752750155108515, 2.010798357e-05 , -17656.78907 , -3.023563699e-05, 0 , 17671.22747 , 0, 0 , 0 , 0, 0 , 0 , 0, 0 , 0 , 0, 0.0000201079835709, 14.4384030432011059, -0.0000302356369924, 4500.0026305355, 4500.0026305355, -0.0000000001606193, 6.8972355424452365, 360.0000030593554357, 6.8962985314175, -4.0167626765674e-10, 0.00090563053199927, 2.4194510084992e-15, 20930150.0000159703195095, 0.0000000008838255, 330.8268581197007165, 0.012429765677139, 4500.0026305355, 20925650, 0
3.06666544, -0.0000000003408216, 0.0001827022375670, -0.0000000016374015, 0.0000000004573532, 0.0003080722244180, -0.0000000079673512, 121.8197143, 27526040.44, 342.234526845, 1564.15005442, 339.7584912008218794, -0.0000000048167714, 41.0930532028102320, 339.7584912008218794, -0.0000000048167714, 41.0930532028102320, 342.2345325774937237, -0.0000000053558843, -0.0061747110520258, -22748.37025 , 3.076049788e-06 , -137575.7743, 6.047720025, -6064.682418 , 3.381357458e-06 , -139311.8862, 22913.63354 , 0 , 0, 0 , 0 , 0, 0 , 0 , 0, 0 , 0 , 0, 16848.9511195799932466, 0.0000033813574575, -139311.8862470501917414, 3.137287986e-05 , -17655.98842 , -9.694733538e-05, 0 , 17671.13543 , 0, 0 , 0 , 0, 0 , 0 , 0, 0 , 0 , 0, 0.0000313728798556, 15.1470077507510723, -0.0000969473353773, 4500.0032210834, 4500.0032210797, -0.0000000002117533, 6.8973459738983065, 360.0000030592279359, 6.8963033585098, -8.0640804368815e-10, 0.00099931638024501, 1.3944385067513e-15, 20930150.0000375956296921, 0.0000000005093884, 365.0503010543458799, 0.012847572926791, 4500.0032210797, 20925650, 0
3.1666654, -0.0000000002662463, 0.0002140793714684, -0.0000000025672129, 0.0000000009633705, 0.0003170736537095, -0.0000000102711233, 121.8196601, 27526034.15, 342.234454096, 1564.15003861, 339.7584145406937068, -0.0000000078164325, 41.0930811598844343, 339.7584145406937068, -0.0000000078164325, 41.0930811598844343, 342.2344603242090102, -0.0000000094736635, -0.0068149331720946, -22748.37381 , 5.052319817e-06 , -137575.7986, 6.047720146, -6064.668272 , 5.553779008e-06 , -139311.9114, 22913.63355 , 0 , 0, 0 , 0 , 0, 0 , 0 , 0, 0 , 0 , 0, 16848.9652818343784020, 0.0000055537790082, -139311.9114048666961025, 4.429242723e-05 , -17655.45375 , -0.0001727938762, 0 , 17671.04337 , 0, 0 , 0 , 0, 0 , 0 , 0, 0 , 0 , 0, 0.0000442924272253, 15.5896290603959642, -0.0001727938761760, 4500.0038751364, 4500.0038751327, -0.0000000002677366, 6.8974594914191067, 360.0000030590182405, 6.8963095461663, -1.3086017261392e-09, 0.0010930022095348, -6.0975910506724e-16, 20930150.0000667683780193, -0.0000000002227450, 399.2737370665593062, 0.013265380176442, 4500.0038751327, 20925650, 0
3.26666536, -0.0000000001364701, 0.0002460430752444, -0.0000000037356165, 0.0000000015470405, 0.0003207216341796, -0.0000000127089658, 121.8196013, 27526027.32, 342.234375176, 1564.15002145, 339.7583307532126469, -0.0000000114008423, 41.0931166448287826, 339.7583307532126469, -0.0000000114008423, 41.0931166448287826, 342.2343819102845828, -0.0000000147928080, -0.0074657441515456, -22748.37962 , 7.420185115e-06 , -137575.8371, 6.047720295, -6064.651264 , 8.156663296e-06 , -139311.9512, 22913.63357 , 0 , 0, 0 , 0 , 0, 0 , 0 , 0, 0 , 0 , 0, 16848.9823018140195927, 0.0000081566632960, -139311.9511721052986104, 5.865062687e-05 , -17655.18231 , -0.0002557950048, 0 , 17670.95132 , 0, 0 , 0 , 0, 0 , 0 , 0, 0 , 0 , 0, 0.0000586506268661, 15.7690076802682597, -0.0002557950048353, 4500.0045937411, 4500.0045937411, -0.0000000003262455, 6.8975761805674951, 360.0000030587028732, 6.8963171282749, -1.90869240217e-09, 0.0011866880182026, -3.9023360579509e-15, 20930150.0001045279204845, -0.0000000014255235, 433.4971655479516812, 0.013683187426094, 4500.0045937411, 20925650, 0
3.36666532, 0.0000000000557912, 0.0002780709365610, -0.0000000051533836, 0.0000000022001870, 0.0003192633406981, -0.0000000152367239, 121.8195378, 27526019.93, 342.23428993, 1564.15000292, 339.7582397002600487, -0.0000000155684390, 41.0931595228409279, 339.7582397002600487, -0.0000000155684390, 41.0931595228409279, 342.2342971824950837, -0.0000000214605325, -0.0081274546652779, -22748.38764 , 1.017875424e-05 , -137575.8896, 6.047720471, -6064.631416 , 1.118903098e-05 , -139312.0052, 22913.63357 , 0 , 0, 0 , 0 , 0, 0 , 0 , 0, 0 , 0 , 0, 16849.0021563968293776, 0.0000111890309767, -139312.0052004227472935, 7.423599999e-05 , -17655.16196 , -0.0003443235553, 0 , 17670.85926 , 0, 0 , 0 , 0, 0 , 0 , 0, 0 , 0 , 0, 0.0000742359999881, 15.6972979115162161, -0.0003443235552604, 4500.0053779706, 4500.0053779706, -0.0000000003843452, 6.8976960736519990, 360.0000030582573913, 6.8963260852086, -2.6064187078648e-09, 0.0012803738045407, -8.8322182891934e-15, 20930150.0001519545912743, -0.0000000032264096, 467.7205858749558161, 0.014100994675746, 4500.0053779706, 20925650, 0
3.46666528, 0.0000000003170416, 0.0003096751745788, -0.0000000068273257, 0.0000000029153293, 0.0003131119815043, -0.0000000178182411, 121.8194694, 27526011.98, 342.234198205, 1564.14998296, 339.7581412780380674, -0.0000000203161091, 41.0932093730946875, 339.7581412780380674, -0.0000000203161091, 41.0932093730946875, 342.2342059871184006, -0.0000000296281774, -0.0088003621885377, -22748.3977 , 1.332596896e-05 , -137575.9551, 6.047720673, -6064.608845 , 1.464862017e-05 , -139312.0724, 22913.63358 , 0 , 0, 0 , 0 , 0, 0 , 0 , 0, 0 , 0 , 0, 16849.0247304438125866, 0.0000146486201679, -139312.0724455329473130, 9.085380786e-05 , -17655.37238 , -0.0004371891203, 0 , 17670.7672 , 0, 0 , 0 , 0, 0 , 0 , 0, 0 , 0 , 0, 0.0000908538078556, 15.3948183276406780, -0.0004371891203103, 4500.0062289312, 4500.0062289312, -0.0000000004385174, 6.8978191523301904, 360.0000030576562153, 6.8963363491117, -3.4012594966311e-09, 0.0013740595667993, -1.5789199160362e-14, 20930150.0002101548016071, -0.0000000057677949, 501.9439974086408824, 0.014518801925398, 4500.0062289312, 20925650, 0
3.56666524, 0.0000000006530949, 0.0003404175575109, -0.0000000087611484, 0.0000000036859990, 0.0003028174387066, -0.0000000204261403, 121.819396, 27526003.45, 342.234099851, 1564.14996156, 339.7580354148784068, -0.0000000256410615, 41.0932655282605168, 339.7580354148784068, -0.0000000256410615, 41.0932655282605168, 342.2341081725226104, -0.0000000394509517, -0.0094847366249198, -22748.40954 , 1.685993126e-05 , -137576.0318, 6.047720899, -6064.583746 , 1.853334216e-05 , -139312.1513, 22913.63357 , 0 , 0, 0 , 0 , 0, 0 , 0 , 0, 0 , 0 , 0, 16849.0498289975876105, 0.0000185333421645, -139312.1512620978464838, 0.00010833353 , -17655.78652 , -0.0005336532999, 0 , 17670.67513 , 0, 0 , 0 , 0, 0 , 0 , 0, 0 , 0 , 0, 0.0001083335300256, 14.8886080895790656, -0.0005336532998760, 4500.0071477555, 4500.0071477555, -0.0000000004846919, 6.8979453518432745, 360.0000030568734246, 6.8963478105127, -4.2927476157835e-09, 0.0014677453031868, -2.5205039068112e-14, 20930150.0002802573144436, -0.0000000092074015, 536.1673994947941537, 0.014936609175049, 4500.0071477555, 20925650, 0
3.6666652, 0.0000000010691775, 0.0003699212247652, -0.0000000109563261, 0.0000000045067560, 0.0002890343767557, -0.0000000230416413, 121.8193175, 27525994.33, 342.23399472, 1564.14993868, 339.7579220681046195, -0.0000000315419607, 41.0933271197457586, 339.7579220681046195, -0.0000000315419607, 41.0933271197457586, 342.2340035915074736, -0.0000000510874553, -0.0101808081135601, -22748.42282 , 2.07796247e-05 , -137576.1178, 6.047721147, -6064.556379 , 2.284208215e-05 , -139312.2395, 22913.63357 , 0 , 0, 0 , 0 , 0, 0 , 0 , 0, 0 , 0 , 0, 16849.0771913828575634, 0.0000228420821483, -139312.2395131298690103, 0.0001265306868 , -17656.3722 , -0.0006333902034, 0 , 17670.58306 , 0, 0 , 0 , 0, 0 , 0 , 0, 0 , 0 , 0, 0.0001265306867622, 14.2108587557304418, -0.0006333902033857, 4500.0081355944, 4500.0081355907, -0.0000000005182779, 6.8980745665897665, 360.0000030558825870, 6.8963603259061, -5.2806596304464e-09, 0.0015614310118706, -3.7554463614604e-14, 20930150.0003634206950665, -0.0000000137186466, 570.3907914642493324, 0.015354416424701, 4500.0081355907, 20925650, 0
3.76666516, 0.0000000015700285, 0.0003978792420534, -0.0000000134129136, 0.0000000053730897, 0.0002724892081262, -0.0000000256536488, 121.8192339, 27525984.61, 342.233882672, 1564.14991428, 339.7578012201474280, -0.0000000380193733, 41.0933931264986114, 339.7578012201474280, -0.0000000380193733, 41.0933931264986114, 342.2338921033366432, -0.0000000646990225, -0.0108887572834604, -22748.43716 , 2.508531523e-05 , -137576.2105, 6.047721412, -6064.527055 , 2.757513319e-05 , -139312.3347, 22913.63356 , 0 , 0, 0 , 0 , 0, 0 , 0 , 0, 0 , 0 , 0, 16849.1065065146212874, 0.0000275751331919, -139312.3346879875462037, 0.0001453262051 , -17657.0937 , -0.0007364076135, 0 , 17670.49099 , 0, 0 , 0 , 0, 0 , 0 , 0, 0 , 0 , 0, 0.0001453262051295, 13.3972898991269176, -0.0007364076134600, 4500.0091936365, 4500.0091936365, -0.0000000005341959, 6.8982066567188642, 360.0000030546575545, 6.8963737259421, -6.3650905338485e-09, 0.0016551166909787, -5.3356005599899e-14, 20930150.0004608184099197, -0.0000000194909503, 604.6141726334343502, 0.015772223674353, 4500.0091936365, 20925650, 0
3.86666512, 0.0000000021599782, 0.0004240598525878, -0.0000000161302349, 0.0000000062811734, 0.0002539472301052, -0.0000000282573427, 121.819145, 27525974.27, 342.233763575, 1564.14988835, 339.7576728741194643, -0.0000000450756294, 41.0934624252776146, 339.7576728741194643, -0.0000000450756294, 41.0934624252776146, 342.2337735754121013, -0.0000000804489308, -0.0116087081023082, -22748.4521 , 2.977849768e-05 , -137576.3072, 6.047721692, -6064.496121 , 3.273413654e-05 , -139312.434, 22913.63355 , 0 , 0, 0 , 0 , 0, 0 , 0 , 0, 0 , 0 , 0, 16849.1374287584912963, 0.0000327341365445, -139312.4340240779565647, 0.0001646227834 , -17657.91338 , -0.000842943798, 0 , 17670.39891 , 0, 0 , 0 , 0, 0 , 0 , 0, 0 , 0 , 0, 0.0001646227833659, 12.4855331395156099, -0.0008429437979803, 4500.0103230625, 4500.0103230625, -0.0000000005269092, 6.8983414554139690, 360.0000030531718380, 6.8963878238705, -7.5464305976441e-09, 0.0017488023386017, -7.3172647786378e-14, 20930150.0005736500024796, -0.0000000267299702, 638.8375423051037387, 0.016190030924004, 4500.0103230625, 20925650, 0
3.96666508, 0.0000000028429968, 0.0004483085125729, -0.0000000191074147, 0.0000000072275322, 0.0002341811317944, -0.0000000308524933, 121.8190507, 27525963.3, 342.233637308, 1564.14986084, 339.7575370490571345, -0.0000000527142317, 41.0935338404057404, 339.7575370490571345, -0.0000000527142317, 41.0935338404057404, 342.2336478845579677, -0.0000000985015205, -0.0123407233663499, -22748.46721 , 3.48614683e-05 , -137576.4052, 6.047721982, -6064.46394 , 3.832161697e-05 , -139312.5346, 22913.63353 , 0 , 0, 0 , 0 , 0, 0 , 0 , 0, 0 , 0 , 0, 16849.1695937308104476, 0.0000383216169719, -139312.5346277130011003, 0.0001843393294 , -17658.79325 , -0.0009533541096, 0 , 17670.30683 , 0, 0 , 0 , 0, 0 , 0 , 0, 0 , 0 , 0, 0.0001843393294460, 11.5135835532892088, -0.0009533541095896, 4500.0115250945, 4500.0115250945, -0.0000000004904568, 6.8984787765392275, 360.0000030513994034, 6.8964024239059, -8.8252663993625e-09, 0.0018424879527949, -9.76122358221e-14, 20930150.0007031224668026, -0.0000000356577524, 673.0608997692208959, 0.016607838173656, 4500.0115250945, 20925650, 0
4.06666504, 0.0000000036227116, 0.0004705469100124, -0.0000000223437340, 0.0000000082087119, 0.0002139419107706, -0.0000000334417022, 121.818951, 27525951.7, 342.233503758, 1564.14983175, 339.7573937750361210, -0.0000000609389568, 41.0936061912232091, 339.7573937750361210, -0.0000000609389568, 41.0936061912232091, 342.2335149179040172, -0.0000001190212693, -0.0130848027710968, -22748.48202 , 4.033674589e-05 , -137576.5015, 6.047722278, -6064.430881 , 4.434034547e-05 , -139312.6336, 22913.63351 , 0 , 0, 0 , 0 , 0, 0 , 0 , 0, 0 , 0 , 0, 16849.2026333971298300, 0.0000443403454704, -139312.6335893349023536, 0.0002044050142 , -17659.69638 , -0.001067999824, 0 , 17670.21474 , 0, 0 , 0 , 0, 0 , 0 , 0, 0 , 0 , 0, 0.0002044050141506, 10.5183695734012872, -0.0010679998235814, 4500.0128009319, 4500.0128009357, -0.0000000004184880, 6.8986184223366473, 360.0000030493139889, 6.8964173292125, -1.0202230415461e-08, 0.0019361735315816, -1.2732764307555e-13, 20930150.0008504427969456, -0.0000000465127915, 707.2842443039475029, 0.017025645423308, 4500.0128009357, 20925650, 0
4.166665, 0.0000000045023918, 0.0004907692602449, -0.0000000258388153, 0.0000000092210050, 0.0001939330707873, -0.0000000360287343, 121.8188457, 27525939.45, 342.233362824, 1564.14980103, 339.7572430883496395, -0.0000000697527966, 41.0936783356825757, 339.7572430883496395, -0.0000000697527966, 41.0936783356825757, 342.2333745733664045, -0.0000001421718629, -0.0138408834185100, -22748.49609 , 4.620642162e-05 , -137576.5934, 6.047722577, -6064.397301 , 5.079261926e-05 , -139312.7281, 22913.63349 , 0 , 0, 0 , 0 , 0, 0 , 0 , 0, 0 , 0 , 0, 16849.2361900752694055, 0.0000507926192589, -139312.7280897508899216, 0.0002247539889 , -17660.58817 , -0.001187149074, 0 , 17670.12266 , 0, 0 , 0 , 0, 0 , 0 , 0, 0 , 0 , 0, 0.0002247539888748, 9.5344842271661037, -0.0011871490738834, 4500.0141517855, 4500.0141517855, -0.0000000003043007, 6.8987601908860912, 360.0000030468895034, 6.8964323492469, -1.1677823731531e-08, 0.0020298590729555, -1.6301668068225e-13, 20930150.0010168217122555, -0.0000000595499979, 741.5075751767009251, 0.01744345267296, 4500.0141517855, 20925650, 0
4.26666496, 0.0000000054849074, 0.0005090362467041, -0.0000000295926510, 0.0000000102601853, 0.0001747887664551, -0.0000000386170616, 121.8187348, 27525926.55, 342.233214417, 1564.14976869, 339.7570850269238463, -0.0000000791568752, 41.0937492088135485, 339.7570850269238463, -0.0000000791568752, 41.0937492088135485, 342.2332267597464011, -0.0000001681152994, -0.0146088425309827, -22748.509 , 5.247137534e-05 , -137576.6783, 6.047722875, -6064.363534 , 5.76794059e-05 , -139312.8155, 22913.63346 , 0 , 0, 0 , 0 , 0, 0 , 0 , 0, 0 , 0 , 0, 16849.2699288044459536, 0.0000576794059013, -139312.8154939063824713, 0.0002453199321 , -17661.43746 , -0.001310896977, 0 , 17670.03057 , 0, 0 , 0 , 0, 0 , 0 , 0, 0 , 0 , 0, 0.0002453199320909, 8.5931104575865902, -0.0013108969766328, 4500.0155788399, 4500.0155788362, -0.0000000001408831, 6.8989038830735518, 360.0000030441000263, 6.8964473062432, -1.3252234774506e-08, 0.0021235445748837, -2.0542175702792e-13, 20930150.0012034438550472, -0.0000000750405735, 775.7308916452402627, 0.017861259922611, 4500.0155788362, 20925650, 0
4.36666492, 0.0000000065726672, 0.0005254670309735, -0.0000000336055046, 0.0000000113213523, 0.0001570563671045, -0.0000000412087112, 121.8186183, 27525913, 342.233058455, 1564.14973469, 339.7569196261175080, -0.0000000891494602, 41.0938178550734250, 339.7569196261175080, -0.0000000891494602, 41.0938178550734250, 342.2330713964738607, -0.0000001970110586, -0.0153885020890385, -22748.52039 , 5.913062542e-05 , -137576.7538, 6.047723169, -6064.329883 , 6.499962666e-05 , -139312.8934, 22913.63343 , 0 , 0, 0 , 0 , 0, 0 , 0 , 0, 0 , 0 , 0, 16849.3035478587116813, 0.0000649996266583, -139312.8934299196698703, 0.0002660323005 , -17662.21731 , -0.001439109712, 0 , 17669.93847 , 0, 0 , 0 , 0, 0 , 0 , 0, 0 , 0 , 0, 0.0002660323004905, 7.7211637475411408, -0.0014391097122159, 4500.0170832686, 4500.0170832686, 0.0000000000790390, 6.8990493088532263, 360.0000030409192959, 6.8964620406746, -1.4925173746259e-08, 0.0022172300353102, -2.5532930026163e-13, 20930150.0014114789664745, -0.0000000932718004, 809.9541929587453524, 0.018279067172263, 4500.0170832686, 20925650, 0
4.46666488, 0.0000000077675477, 0.0005402297909417, -0.0000000378777165, 0.0000000123988831, 0.0001411837029738, -0.0000000438034600, 121.818496, 27525898.77, 342.232894871, 1564.14969902, 339.7567469150300781, -0.0000000997251599, 41.0938834539167885, 339.7567469150300781, -0.0000000997251599, 41.0938834539167885, 342.2329084130362276, -0.0000002290153622, -0.0161796350549182, -22748.52993 , 6.618079443e-05 , -137576.818, 6.047723455, -6064.296606 , 7.274956755e-05 , -139312.9599, 22913.63339 , 0 , 0, 0 , 0 , 0, 0 , 0 , 0, 0 , 0 , 0, 16849.3367871121736243, 0.0000727495675511, -139312.9598516580008436, 0.0002868142384 , -17662.90571 , -0.001571394395, 0 , 17669.84637 , 0, 0 , 0 , 0, 0 , 0 , 0, 0 , 0 , 0, 0.0002868142383829, 6.9406649859229219, -0.0015713943947798, 4500.0186662413, 4500.0186662413, 0.0000000003629508, 6.8991962926328734, 360.0000030373213349, 6.8964764155769, -1.6695738214691e-08, 0.0023109154521578, -3.1356896532973e-13, 20930150.0016421005129814, -0.0000001145467516, 844.1774783588527953, 0.018696874421915, 4500.0186662413, 20925650, 0
4.56666484, 0.0000000090708199, 0.0005535312611108, -0.0000000424094496, 0.0000000134864158, 0.0001275110662636, -0.0000000463983894, 121.818368, 27525883.87, 342.232723602, 1564.14966167, 339.7565669134098130, -0.0000001108743724, 41.0939453382177220, 339.7565669134098130, -0.0000001108743724, 41.0939453382177220, 342.2327377481420854, -0.0000002642805444, -0.0169819728203677, -22748.53736 , 7.361566385e-05 , -137576.8693, 6.047723733, -6064.263917 , 8.092239597e-05 , -139313.0131, 22913.63335 , 0 , 0, 0 , 0 , 0, 0 , 0 , 0, 0 , 0 , 0, 16849.3694341847694886, 0.0000809223959720, -139313.0130842818471137, 0.0003075809563 , -17663.48592 , -0.001707094388, 0 , 17669.75427 , 0, 0 , 0 , 0, 0 , 0 , 0, 0 , 0 , 0, 0.0003075809563264, 6.2683471427371842, -0.0017070943881154, 4500.0203288943, 4500.0203288943, 0.0000000007184917, 6.8993446776590304, 360.0000030332799383, 6.896490319673, -1.8562320934843e-08, 0.0024046008233318, -3.8101265329917e-13, 20930150.0018964447081089, -0.0000001391839327, 878.4007470806214997, 0.019114681671567, 4500.0203288943, 20925650, 0
4.6666648, 0.0000000104830847, 0.0005656057457054, -0.0000000472004112, 0.0000000145770285, 0.0001162678583160, -0.0000000489877854, 121.8182342, 27525868.3, 342.232544598, 1564.14962263, 339.7563796292259326, -0.0000001225830241, 41.0940030054728567, 339.7563796292259326, -0.0000001225830241, 41.0940030054728567, 342.2325593486708613, -0.0000003029545466, -0.0177952135040087, -22748.54247 , 8.142609392e-05 , -137576.9063, 6.047724, -6064.231975 , 8.950806149e-05 , -139313.0519, 22913.6333 , 0 , 0, 0 , 0 , 0, 0 , 0 , 0, 0 , 0 , 0, 16849.4013282827836520, 0.0000895080614865, -139313.0518520495388657, 0.0003282414268 , -17663.94667 , -0.001845308143, 0 , 17669.66216 , 0, 0 , 0 , 0, 0 , 0 , 0, 0 , 0 , 0, 0.0003282414267961, 5.7154904056769738, -0.0018453081425667, 4500.0220723189, 4500.0220723189, 0.0000000011533956, 6.8994943293259174, 360.0000030287690151, 6.8965036692839, -2.0522565986145e-08, 0.0024982861467215, -4.5857337504923e-13, 20930150.0021756030619144, -0.0000001675168665, 912.6239983534032945, 0.019532488921218, 4500.0220723189, 20925650, 0
4.76666476, 0.0000000120042227, 0.0005767040541717, -0.0000000522495833, 0.0000000156633600, 0.0001075736051246, -0.0000000515633383, 121.8180945, 27525852.04, 342.232357811, 1564.14958188, 339.7561850569369426, -0.0000001348326066, 41.0940561219922031, 339.7561850569369426, -0.0000001348326066, 41.0940561219922031, 342.2323731684684276, -0.0000003451805421, -0.0186190307165361, -22748.54514 , 8.95999168e-05 , -137576.9282, 6.047724254, -6064.200887 , 9.849318984e-05 , -139313.0753, 22913.63325 , 0 , 0, 0 , 0 , 0, 0 , 0 , 0, 0 , 0 , 0, 16849.4323617953668872, 0.0000984931898392, -139313.0752890996518545, 0.00034869909 , -17664.28207 , -0.001984927444, 0 , 17669.57004 , 0, 0 , 0 , 0, 0 , 0 , 0, 0 , 0 , 0, 0.0003486990899562, 5.2879721183926449, -0.0019849274444391, 4500.0238976143, 4500.0238976106, 0.0000000016754282, 6.8996451373779690, 360.0000030237625310, 6.8965164090594, -2.257337504544e-08, 0.0025919714202028, -5.47203994417e-13, 20930150.0024806708097458, -0.0000001998936341, 946.8472314016009932, 0.01995029617087, 4500.0238976106, 20925650, 0
4.86666472, 0.0000000136333669, 0.0005870827732935, -0.0000000575549869, 0.0000000167378754, 0.0001014429365749, -0.0000000541145899, 121.817949, 27525835.1, 342.232163203, 1564.14953942, 339.7559831764619958, -0.0000001476005002, 41.0941045205195294, 339.7559831764619958, -0.0000001476005002, 41.0941045205195294, 342.2321791670445350, -0.0000003910966929, -0.0194530824332659, -22748.54529 , 9.812218597e-05 , -137576.9346, 6.047724496, -6064.170709 , 0.0001078613523 , -139313.0829, 22913.63319 , 0 , 0, 0 , 0 , 0, 0 , 0 , 0, 0 , 0 , 0, 16849.4624798412187374, 0.0001078613522939, -139313.0829344432277139, 0.000368855107 , -17664.49141 , -0.002124690947, 0 , 17669.47792 , 0, 0 , 0 , 0, 0 , 0 , 0, 0 , 0 , 0, 0.0003688551069616, 4.9865116249238781, -0.0021246909469189, 4500.0258058012, 4500.0258058012, 0.0000000022923238, 6.8997970170194414, 360.0000030182344517, 6.896528511604, -2.4710961430154e-08, 0.0026856566416397, -6.478958867068e-13, 20930150.0028126724064350, -0.0000002366763852, 981.0704454452998107, 0.020368103420522, 4500.0258058012, 20925650, 0
4.96666468, 0.0000000153689005, 0.0005969942427095, -0.0000000631135028, 0.0000000177931461, 0.0000977940063119, -0.0000000566295615, 121.8177976, 27525817.47, 342.231960737, 1564.14949525, 339.7557739528302818, -0.0000001608605482, 41.0941481919275375, 339.7557739528302818, -0.0000001608605482, 41.0941481919275375, 342.2319773082301708, -0.0000004408360347, -0.0202970196419230, -22748.5429 , 0.000106975577 , -137576.9254, 6.047724725, -6064.141443 , 0.0001175935034 , -139313.0747, 22913.63312 , 0 , 0, 0 , 0 , 0, 0 , 0 , 0, 0 , 0 , 0, 16849.4916778600927501, 0.0001175935033683, -139313.0747122127504554, 0.0003886119836 , -17664.57871 , -0.002263247641, 0 , 17669.3858 , 0, 0 , 0 , 0, 0 , 0 , 0, 0 , 0 , 0, 0.0003886119836323, 4.8070842979941517, -0.0022632476412904, 4500.0277978852, 4500.0277978852, 0.0000000030117227, 6.8999499089834169, 360.0000030121591976, 6.8965399761035, -2.6930946372281e-08, 0.0027793418088857, -7.6167754827661e-13, 20930150.0031726174056530, -0.0000002782408292, 1015.2936397007670166, 0.020785910670173, 4500.0277978852, 20925650, 0
